pid_0,eid_0,eid_1,pid_1,step_0_len,step_n_len,cost,sp_dist,euc_dist,dist_prob,trans_prob,observ_prob,prob,flag,dst,src,step_0,step_n,path,epath,dist_0,step_1,move_dir
0,26,195,1,4.076296008588997,1885.1937965304028,inf,inf,864.2335004154423,0.0,0.0,1.0,0.0,0,440300024047021,440300024057014,"[[ 174754.83679874 2522380.11656699]
 [ 174758.75121265 2522381.25391166]]","[[ 172959.29758551 2523506.53763749]
 [ 172953.56992222 2523269.40177446]
 [ 172954.08644262 2523240.89735636]
 [ 172957.26266731 2523211.78127687]
 [ 172960.84018652 2523196.51515314]
 [ 173018.22753145 2522954.24993946]
 [ 173028.88609418 2522928.85311912]
 [ 173040.5650036  2522907.86907862]
 [ 173062.93809485 2522877.45259093]
 [ 173089.43351658 2522847.50170371]
 [ 173132.89347498 2522822.3963538 ]
 [ 173325.33264719 2522750.18013899]
 [ 173441.53450048 2522713.42139283]
 [ 173588.82042661 2522668.78872413]
 [ 173676.25630442 2522623.33764208]
 [ 173733.36655729 2522582.75189723]
 [ 173761.6892355  2522556.42181907]
 [ 173795.11020624 2522518.56286346]
 [ 173810.19107809 2522497.94998855]
 [ 173819.67022801 2522479.78572193]
 [ 173826.33404376 2522464.56451856]
 [ 173887.78309096 2522276.5430994 ]
 [ 173926.40603938 2522135.23091679]]","[[ 174754.83679874 2522380.11656699]
 [ 174758.75121265 2522381.25391166]
 [ 172959.29758551 2523506.53763749]
 [ 172953.56992222 2523269.40177446]
 [ 172954.08644262 2523240.89735636]
 [ 172957.26266731 2523211.78127687]
 [ 172960.84018652 2523196.51515314]
 [ 173018.22753145 2522954.24993946]
 [ 173028.88609418 2522928.85311912]
 [ 173040.5650036  2522907.86907862]
 [ 173062.93809485 2522877.45259093]
 [ 173089.43351658 2522847.50170371]
 [ 173132.89347498 2522822.3963538 ]
 [ 173325.33264719 2522750.18013899]
 [ 173441.53450048 2522713.42139283]
 [ 173588.82042661 2522668.78872413]
 [ 173676.25630442 2522623.33764208]
 [ 173733.36655729 2522582.75189723]
 [ 173761.6892355  2522556.42181907]
 [ 173795.11020624 2522518.56286346]
 [ 173810.19107809 2522497.94998855]
 [ 173819.67022801 2522479.78572193]
 [ 173826.33404376 2522464.56451856]
 [ 173887.78309096 2522276.5430994 ]
 [ 173926.40603938 2522135.23091679]]",,862.0,,253.30151847073526
0,26,176,1,4.076296008588997,1.3735027171400904,331.0,336.44979872572907,864.2335004154423,0.3893042777952898,0.3871614651827137,1.0,0.38713232895322014,0,440300024047021,440300024056013,"[[ 174754.83679874 2522380.11656699]
 [ 174758.75121265 2522381.25391166]]","[[ 173926.7681584  2522133.90600943]
 [ 173926.40603938 2522135.23091679]]","[[ 174754.83679874 2522380.11656699]
 [ 174758.75121265 2522381.25391166]
 [ 174758.75121265 2522381.25391166]
 [ 174665.64560184 2522354.20179792]
 [ 174048.47991248 2522166.77013183]
 [ 173926.7681584  2522133.90600943]
 [ 173926.7681584  2522133.90600943]
 [ 173926.40603938 2522135.23091679]]","[1639, 18, 1269]",862.0,"[[ 174758.75121265 2522381.25391166]
 [ 174665.64560184 2522354.20179792]
 [ 174048.47991248 2522166.77013183]
 [ 173926.7681584  2522133.90600943]]",253.30151847073526
0,26,187,1,4.076296008588997,2314.061228302328,614.0,2932.137524310917,864.2335004154423,0.29474521343215176,0.17051971802193752,0.9999882093837973,0.17050487500603112,0,440300024047021,440300024056024,"[[ 174754.83679874 2522380.11656699]
 [ 174758.75121265 2522381.25391166]]","[[ 173596.06107503 2519963.01379611]
 [ 173608.92047175 2520063.8489086 ]
 [ 173629.24958147 2520263.52840922]
 [ 173636.43654274 2520344.41831013]
 [ 173645.15616996 2520391.34978379]
 [ 173656.06018961 2520439.45388444]
 [ 173671.69367589 2520492.33458331]
 [ 173700.53411487 2520576.0854472 ]
 [ 173743.29327414 2520666.41121271]
 [ 173797.35444089 2520756.38348539]
 [ 174017.13921316 2521056.32931752]
 [ 174035.46229641 2521086.09202737]
 [ 174051.74607656 2521121.44187872]
 [ 174065.96626116 2521166.03800896]
 [ 174078.06816484 2521217.33163747]
 [ 174088.0457076  2521265.45569882]
 [ 174096.33324011 2521316.27684057]
 [ 174098.84999246 2521380.85849442]
 [ 174095.49805067 2521459.42450649]
 [ 174085.72631499 2521521.49819724]
 [ 174052.73143914 2521660.7905954 ]
 [ 173967.14436431 2521998.55653921]
 [ 173926.7681584  2522133.90600943]]","[[ 174754.83679874 2522380.11656699]
 [ 174758.75121265 2522381.25391166]
 [ 174758.75121265 2522381.25391166]
 [ 174665.64560184 2522354.20179792]
 [ 174048.47991248 2522166.77013183]
 [ 173926.7681584  2522133.90600943]
 [ 173926.7681584  2522133.90600943]
 [ 173967.14436431 2521998.55653921]
 [ 174052.73143914 2521660.7905954 ]
 [ 174085.72631499 2521521.49819724]
 [ 174095.49805067 2521459.42450649]
 [ 174098.84999246 2521380.85849442]
 [ 174096.33324011 2521316.27684057]
 [ 174088.0457076  2521265.45569882]
 [ 174078.06816484 2521217.33163747]
 [ 174065.96626116 2521166.03800896]
 [ 174051.74607656 2521121.44187872]
 [ 174035.46229641 2521086.09202737]
 [ 174017.13921316 2521056.32931752]
 [ 173797.35444089 2520756.38348539]
 [ 173743.29327414 2520666.41121271]
 [ 173700.53411487 2520576.0854472 ]
 [ 173671.69367589 2520492.33458331]
 [ 173656.06018961 2520439.45388444]
 [ 173645.15616996 2520391.34978379]
 [ 173636.43654274 2520344.41831013]
 [ 173629.24958147 2520263.52840922]
 [ 173608.92047175 2520063.8489086 ]
 [ 173596.06107503 2519963.01379611]
 [ 173596.06107503 2519963.01379611]
 [ 173608.92047175 2520063.8489086 ]
 [ 173629.24958147 2520263.52840922]
 [ 173636.43654274 2520344.41831013]
 [ 173645.15616996 2520391.34978379]
 [ 173656.06018961 2520439.45388444]
 [ 173671.69367589 2520492.33458331]
 [ 173700.53411487 2520576.0854472 ]
 [ 173743.29327414 2520666.41121271]
 [ 173797.35444089 2520756.38348539]
 [ 174017.13921316 2521056.32931752]
 [ 174035.46229641 2521086.09202737]
 [ 174051.74607656 2521121.44187872]
 [ 174065.96626116 2521166.03800896]
 [ 174078.06816484 2521217.33163747]
 [ 174088.0457076  2521265.45569882]
 [ 174096.33324011 2521316.27684057]
 [ 174098.84999246 2521380.85849442]
 [ 174095.49805067 2521459.42450649]
 [ 174085.72631499 2521521.49819724]
 [ 174052.73143914 2521660.7905954 ]
 [ 173967.14436431 2521998.55653921]
 [ 173926.7681584  2522133.90600943]]","[1639, 18, 1275, 190, 1366]",862.0,"[[ 174758.75121265 2522381.25391166]
 [ 174665.64560184 2522354.20179792]
 [ 174048.47991248 2522166.77013183]
 [ 173926.7681584  2522133.90600943]
 [ 173926.7681584  2522133.90600943]
 [ 173967.14436431 2521998.55653921]
 [ 174052.73143914 2521660.7905954 ]
 [ 174085.72631499 2521521.49819724]
 [ 174095.49805067 2521459.42450649]
 [ 174098.84999246 2521380.85849442]
 [ 174096.33324011 2521316.27684057]
 [ 174088.0457076  2521265.45569882]
 [ 174078.06816484 2521217.33163747]
 [ 174065.96626116 2521166.03800896]
 [ 174051.74607656 2521121.44187872]
 [ 174035.46229641 2521086.09202737]
 [ 174017.13921316 2521056.32931752]
 [ 173797.35444089 2520756.38348539]
 [ 173743.29327414 2520666.41121271]
 [ 173700.53411487 2520576.0854472 ]
 [ 173671.69367589 2520492.33458331]
 [ 173656.06018961 2520439.45388444]
 [ 173645.15616996 2520391.34978379]
 [ 173636.43654274 2520344.41831013]
 [ 173629.24958147 2520263.52840922]
 [ 173608.92047175 2520063.8489086 ]
 [ 173596.06107503 2519963.01379611]]",253.30151847073526
0,26,190,1,4.076296008588997,0.0,331.0,335.076296008589,864.2335004154423,0.3877150050854494,0.38589041483840764,0.9999882093837973,0.38585682471972804,0,440300024047021,440300024057002,"[[ 174754.83679874 2522380.11656699]
 [ 174758.75121265 2522381.25391166]]",,"[[ 174754.83679874 2522380.11656699]
 [ 174758.75121265 2522381.25391166]
 [ 174758.75121265 2522381.25391166]
 [ 174665.64560184 2522354.20179792]
 [ 174048.47991248 2522166.77013183]
 [ 173926.7681584  2522133.90600943]]","[1639, 18, 1275]",862.0,"[[ 174758.75121265 2522381.25391166]
 [ 174665.64560184 2522354.20179792]
 [ 174048.47991248 2522166.77013183]
 [ 173926.7681584  2522133.90600943]]",253.30151847073526
0,26,26,1,4.076296008588997,0.0,450.0,454.076296008589,864.2335004154423,0.5254092739870784,0.5229366932913407,0.9999882093837973,0.5228911738772425,2,440300024047021,440300024047002,"[[ 174754.83679874 2522380.11656699]
 [ 174758.75121265 2522381.25391166]]",,"[[ 174754.83679874 2522380.11656699]
 [ 174758.75121265 2522381.25391166]
 [ 174758.75121265 2522381.25391166]
 [ 174665.64560184 2522354.20179792]
 [ 174048.47991248 2522166.77013183]
 [ 173926.7681584  2522133.90600943]]","[1639, 18, 1269, 1274]",862.0,"[[ 174758.75121265 2522381.25391166]
 [ 174665.64560184 2522354.20179792]
 [ 174048.47991248 2522166.77013183]
 [ 173926.7681584  2522133.90600943]]",253.30151847073526
0,18,195,1,863.9496708399818,1885.1937965304028,inf,inf,864.2335004154423,0.0,0.0,1.0,0.0,0,440300024046020,440300024057014,"[[ 174754.83679874 2522380.11656699]
 [ 174665.64560184 2522354.20179792]
 [ 174048.47991248 2522166.77013183]
 [ 173926.7681584  2522133.90600943]]","[[ 172959.29758551 2523506.53763749]
 [ 172953.56992222 2523269.40177446]
 [ 172954.08644262 2523240.89735636]
 [ 172957.26266731 2523211.78127687]
 [ 172960.84018652 2523196.51515314]
 [ 173018.22753145 2522954.24993946]
 [ 173028.88609418 2522928.85311912]
 [ 173040.5650036  2522907.86907862]
 [ 173062.93809485 2522877.45259093]
 [ 173089.43351658 2522847.50170371]
 [ 173132.89347498 2522822.3963538 ]
 [ 173325.33264719 2522750.18013899]
 [ 173441.53450048 2522713.42139283]
 [ 173588.82042661 2522668.78872413]
 [ 173676.25630442 2522623.33764208]
 [ 173733.36655729 2522582.75189723]
 [ 173761.6892355  2522556.42181907]
 [ 173795.11020624 2522518.56286346]
 [ 173810.19107809 2522497.94998855]
 [ 173819.67022801 2522479.78572193]
 [ 173826.33404376 2522464.56451856]
 [ 173887.78309096 2522276.5430994 ]
 [ 173926.40603938 2522135.23091679]]","[[ 174754.83679874 2522380.11656699]
 [ 174665.64560184 2522354.20179792]
 [ 174048.47991248 2522166.77013183]
 [ 173926.7681584  2522133.90600943]
 [ 172959.29758551 2523506.53763749]
 [ 172953.56992222 2523269.40177446]
 [ 172954.08644262 2523240.89735636]
 [ 172957.26266731 2523211.78127687]
 [ 172960.84018652 2523196.51515314]
 [ 173018.22753145 2522954.24993946]
 [ 173028.88609418 2522928.85311912]
 [ 173040.5650036  2522907.86907862]
 [ 173062.93809485 2522877.45259093]
 [ 173089.43351658 2522847.50170371]
 [ 173132.89347498 2522822.3963538 ]
 [ 173325.33264719 2522750.18013899]
 [ 173441.53450048 2522713.42139283]
 [ 173588.82042661 2522668.78872413]
 [ 173676.25630442 2522623.33764208]
 [ 173733.36655729 2522582.75189723]
 [ 173761.6892355  2522556.42181907]
 [ 173795.11020624 2522518.56286346]
 [ 173810.19107809 2522497.94998855]
 [ 173819.67022801 2522479.78572193]
 [ 173826.33404376 2522464.56451856]
 [ 173887.78309096 2522276.5430994 ]
 [ 173926.40603938 2522135.23091679]]",,863.0,,253.30151847073526
0,18,176,1,863.9496708399818,1.3735027171400904,120.0,985.3231735571219,864.2335004154423,0.8771066423775127,0.8763651829681872,1.0,0.8762992312157858,0,440300024046020,440300024056013,"[[ 174754.83679874 2522380.11656699]
 [ 174665.64560184 2522354.20179792]
 [ 174048.47991248 2522166.77013183]
 [ 173926.7681584  2522133.90600943]]","[[ 173926.7681584  2522133.90600943]
 [ 173926.40603938 2522135.23091679]]","[[ 174754.83679874 2522380.11656699]
 [ 174665.64560184 2522354.20179792]
 [ 174048.47991248 2522166.77013183]
 [ 173926.7681584  2522133.90600943]
 [ 173926.7681584  2522133.90600943]
 [ 173926.40603938 2522135.23091679]]",[1269],863.0,[],253.30151847073526
0,18,187,1,863.9496708399818,2314.061228302328,403.0,3581.0108991423094,864.2335004154423,0.2413378581512934,0.1396499555297071,0.9999882093837973,0.13963779959527733,0,440300024046020,440300024056024,"[[ 174754.83679874 2522380.11656699]
 [ 174665.64560184 2522354.20179792]
 [ 174048.47991248 2522166.77013183]
 [ 173926.7681584  2522133.90600943]]","[[ 173596.06107503 2519963.01379611]
 [ 173608.92047175 2520063.8489086 ]
 [ 173629.24958147 2520263.52840922]
 [ 173636.43654274 2520344.41831013]
 [ 173645.15616996 2520391.34978379]
 [ 173656.06018961 2520439.45388444]
 [ 173671.69367589 2520492.33458331]
 [ 173700.53411487 2520576.0854472 ]
 [ 173743.29327414 2520666.41121271]
 [ 173797.35444089 2520756.38348539]
 [ 174017.13921316 2521056.32931752]
 [ 174035.46229641 2521086.09202737]
 [ 174051.74607656 2521121.44187872]
 [ 174065.96626116 2521166.03800896]
 [ 174078.06816484 2521217.33163747]
 [ 174088.0457076  2521265.45569882]
 [ 174096.33324011 2521316.27684057]
 [ 174098.84999246 2521380.85849442]
 [ 174095.49805067 2521459.42450649]
 [ 174085.72631499 2521521.49819724]
 [ 174052.73143914 2521660.7905954 ]
 [ 173967.14436431 2521998.55653921]
 [ 173926.7681584  2522133.90600943]]","[[ 174754.83679874 2522380.11656699]
 [ 174665.64560184 2522354.20179792]
 [ 174048.47991248 2522166.77013183]
 [ 173926.7681584  2522133.90600943]
 [ 173926.7681584  2522133.90600943]
 [ 173967.14436431 2521998.55653921]
 [ 174052.73143914 2521660.7905954 ]
 [ 174085.72631499 2521521.49819724]
 [ 174095.49805067 2521459.42450649]
 [ 174098.84999246 2521380.85849442]
 [ 174096.33324011 2521316.27684057]
 [ 174088.0457076  2521265.45569882]
 [ 174078.06816484 2521217.33163747]
 [ 174065.96626116 2521166.03800896]
 [ 174051.74607656 2521121.44187872]
 [ 174035.46229641 2521086.09202737]
 [ 174017.13921316 2521056.32931752]
 [ 173797.35444089 2520756.38348539]
 [ 173743.29327414 2520666.41121271]
 [ 173700.53411487 2520576.0854472 ]
 [ 173671.69367589 2520492.33458331]
 [ 173656.06018961 2520439.45388444]
 [ 173645.15616996 2520391.34978379]
 [ 173636.43654274 2520344.41831013]
 [ 173629.24958147 2520263.52840922]
 [ 173608.92047175 2520063.8489086 ]
 [ 173596.06107503 2519963.01379611]
 [ 173596.06107503 2519963.01379611]
 [ 173608.92047175 2520063.8489086 ]
 [ 173629.24958147 2520263.52840922]
 [ 173636.43654274 2520344.41831013]
 [ 173645.15616996 2520391.34978379]
 [ 173656.06018961 2520439.45388444]
 [ 173671.69367589 2520492.33458331]
 [ 173700.53411487 2520576.0854472 ]
 [ 173743.29327414 2520666.41121271]
 [ 173797.35444089 2520756.38348539]
 [ 174017.13921316 2521056.32931752]
 [ 174035.46229641 2521086.09202737]
 [ 174051.74607656 2521121.44187872]
 [ 174065.96626116 2521166.03800896]
 [ 174078.06816484 2521217.33163747]
 [ 174088.0457076  2521265.45569882]
 [ 174096.33324011 2521316.27684057]
 [ 174098.84999246 2521380.85849442]
 [ 174095.49805067 2521459.42450649]
 [ 174085.72631499 2521521.49819724]
 [ 174052.73143914 2521660.7905954 ]
 [ 173967.14436431 2521998.55653921]
 [ 173926.7681584  2522133.90600943]]","[1275, 190, 1366]",863.0,"[[ 173926.7681584  2522133.90600943]
 [ 173967.14436431 2521998.55653921]
 [ 174052.73143914 2521660.7905954 ]
 [ 174085.72631499 2521521.49819724]
 [ 174095.49805067 2521459.42450649]
 [ 174098.84999246 2521380.85849442]
 [ 174096.33324011 2521316.27684057]
 [ 174088.0457076  2521265.45569882]
 [ 174078.06816484 2521217.33163747]
 [ 174065.96626116 2521166.03800896]
 [ 174051.74607656 2521121.44187872]
 [ 174035.46229641 2521086.09202737]
 [ 174017.13921316 2521056.32931752]
 [ 173797.35444089 2520756.38348539]
 [ 173743.29327414 2520666.41121271]
 [ 173700.53411487 2520576.0854472 ]
 [ 173671.69367589 2520492.33458331]
 [ 173656.06018961 2520439.45388444]
 [ 173645.15616996 2520391.34978379]
 [ 173636.43654274 2520344.41831013]
 [ 173629.24958147 2520263.52840922]
 [ 173608.92047175 2520063.8489086 ]
 [ 173596.06107503 2519963.01379611]]",253.30151847073526
0,18,190,1,863.9496708399818,0.0,120.0,983.9496708399818,864.2335004154423,0.8783310021107689,0.8783027139730168,0.9999882093837973,0.8782262614588715,0,440300024046020,440300024057002,"[[ 174754.83679874 2522380.11656699]
 [ 174665.64560184 2522354.20179792]
 [ 174048.47991248 2522166.77013183]
 [ 173926.7681584  2522133.90600943]]",,"[[ 174754.83679874 2522380.11656699]
 [ 174665.64560184 2522354.20179792]
 [ 174048.47991248 2522166.77013183]
 [ 173926.7681584  2522133.90600943]]",[1275],863.0,[],253.30151847073526
0,18,26,1,863.9496708399818,0.0,239.0,1102.9496708399818,864.2335004154423,0.783565672364054,0.7835404363042721,0.9999882093837973,0.783472232443192,0,440300024046020,440300024047002,"[[ 174754.83679874 2522380.11656699]
 [ 174665.64560184 2522354.20179792]
 [ 174048.47991248 2522166.77013183]
 [ 173926.7681584  2522133.90600943]]",,"[[ 174754.83679874 2522380.11656699]
 [ 174665.64560184 2522354.20179792]
 [ 174048.47991248 2522166.77013183]
 [ 173926.7681584  2522133.90600943]]","[1269, 1274]",863.0,[],253.30151847073526
0,31,195,1,1157.4307988465198,1885.1937965304028,inf,inf,864.2335004154423,0.0,0.0,1.0,0.0,0,440300024047004,440300024057014,"[[ 174758.75121265 2522381.25391166]
 [ 174852.56861148 2522407.95870171]
 [ 175781.98215257 2522694.29183277]
 [ 175864.72101892 2522722.34762783]]","[[ 172959.29758551 2523506.53763749]
 [ 172953.56992222 2523269.40177446]
 [ 172954.08644262 2523240.89735636]
 [ 172957.26266731 2523211.78127687]
 [ 172960.84018652 2523196.51515314]
 [ 173018.22753145 2522954.24993946]
 [ 173028.88609418 2522928.85311912]
 [ 173040.5650036  2522907.86907862]
 [ 173062.93809485 2522877.45259093]
 [ 173089.43351658 2522847.50170371]
 [ 173132.89347498 2522822.3963538 ]
 [ 173325.33264719 2522750.18013899]
 [ 173441.53450048 2522713.42139283]
 [ 173588.82042661 2522668.78872413]
 [ 173676.25630442 2522623.33764208]
 [ 173733.36655729 2522582.75189723]
 [ 173761.6892355  2522556.42181907]
 [ 173795.11020624 2522518.56286346]
 [ 173810.19107809 2522497.94998855]
 [ 173819.67022801 2522479.78572193]
 [ 173826.33404376 2522464.56451856]
 [ 173887.78309096 2522276.5430994 ]
 [ 173926.40603938 2522135.23091679]]","[[ 174758.75121265 2522381.25391166]
 [ 174852.56861148 2522407.95870171]
 [ 175781.98215257 2522694.29183277]
 [ 175864.72101892 2522722.34762783]
 [ 172959.29758551 2523506.53763749]
 [ 172953.56992222 2523269.40177446]
 [ 172954.08644262 2523240.89735636]
 [ 172957.26266731 2523211.78127687]
 [ 172960.84018652 2523196.51515314]
 [ 173018.22753145 2522954.24993946]
 [ 173028.88609418 2522928.85311912]
 [ 173040.5650036  2522907.86907862]
 [ 173062.93809485 2522877.45259093]
 [ 173089.43351658 2522847.50170371]
 [ 173132.89347498 2522822.3963538 ]
 [ 173325.33264719 2522750.18013899]
 [ 173441.53450048 2522713.42139283]
 [ 173588.82042661 2522668.78872413]
 [ 173676.25630442 2522623.33764208]
 [ 173733.36655729 2522582.75189723]
 [ 173761.6892355  2522556.42181907]
 [ 173795.11020624 2522518.56286346]
 [ 173810.19107809 2522497.94998855]
 [ 173819.67022801 2522479.78572193]
 [ 173826.33404376 2522464.56451856]
 [ 173887.78309096 2522276.5430994 ]
 [ 173926.40603938 2522135.23091679]]",,1159.0,,253.30151847073526
0,31,176,1,1157.4307988465198,0.0,443.0,1600.4307988465198,864.2335004154423,0.5400005430027479,0.3436290676964638,1.0,0.34356752579530436,0,440300024047004,440300024056013,"[[ 174758.75121265 2522381.25391166]
 [ 174852.56861148 2522407.95870171]
 [ 175781.98215257 2522694.29183277]
 [ 175864.72101892 2522722.34762783]]",,"[[ 174758.75121265 2522381.25391166]
 [ 174852.56861148 2522407.95870171]
 [ 175781.98215257 2522694.29183277]
 [ 175864.72101892 2522722.34762783]
 [ 175864.72101892 2522722.34762783]
 [ 175781.98215257 2522694.29183277]
 [ 174852.56861148 2522407.95870171]
 [ 174758.75121265 2522381.25391166]
 [ 174758.75121265 2522381.25391166]
 [ 174665.64560184 2522354.20179792]
 [ 174048.47991248 2522166.77013183]
 [ 173926.7681584  2522133.90600943]]","[1635, 3, 18, 1269]",1159.0,"[[ 175864.72101892 2522722.34762783]
 [ 175781.98215257 2522694.29183277]
 [ 174852.56861148 2522407.95870171]
 [ 174758.75121265 2522381.25391166]
 [ 174758.75121265 2522381.25391166]
 [ 174665.64560184 2522354.20179792]
 [ 174048.47991248 2522166.77013183]
 [ 173926.7681584  2522133.90600943]]",253.30151847073526
0,31,187,1,1157.4307988465198,2314.061228302328,726.0,4197.492027148848,864.2335004154423,0.20589282715147264,0.11438596046937892,0.9999882093837973,0.11436412619178518,0,440300024047004,440300024056024,"[[ 174758.75121265 2522381.25391166]
 [ 174852.56861148 2522407.95870171]
 [ 175781.98215257 2522694.29183277]
 [ 175864.72101892 2522722.34762783]]","[[ 173596.06107503 2519963.01379611]
 [ 173608.92047175 2520063.8489086 ]
 [ 173629.24958147 2520263.52840922]
 [ 173636.43654274 2520344.41831013]
 [ 173645.15616996 2520391.34978379]
 [ 173656.06018961 2520439.45388444]
 [ 173671.69367589 2520492.33458331]
 [ 173700.53411487 2520576.0854472 ]
 [ 173743.29327414 2520666.41121271]
 [ 173797.35444089 2520756.38348539]
 [ 174017.13921316 2521056.32931752]
 [ 174035.46229641 2521086.09202737]
 [ 174051.74607656 2521121.44187872]
 [ 174065.96626116 2521166.03800896]
 [ 174078.06816484 2521217.33163747]
 [ 174088.0457076  2521265.45569882]
 [ 174096.33324011 2521316.27684057]
 [ 174098.84999246 2521380.85849442]
 [ 174095.49805067 2521459.42450649]
 [ 174085.72631499 2521521.49819724]
 [ 174052.73143914 2521660.7905954 ]
 [ 173967.14436431 2521998.55653921]
 [ 173926.7681584  2522133.90600943]]","[[ 174758.75121265 2522381.25391166]
 [ 174852.56861148 2522407.95870171]
 [ 175781.98215257 2522694.29183277]
 [ 175864.72101892 2522722.34762783]
 [ 175864.72101892 2522722.34762783]
 [ 175781.98215257 2522694.29183277]
 [ 174852.56861148 2522407.95870171]
 [ 174758.75121265 2522381.25391166]
 [ 174758.75121265 2522381.25391166]
 [ 174665.64560184 2522354.20179792]
 [ 174048.47991248 2522166.77013183]
 [ 173926.7681584  2522133.90600943]
 [ 173926.7681584  2522133.90600943]
 [ 173967.14436431 2521998.55653921]
 [ 174052.73143914 2521660.7905954 ]
 [ 174085.72631499 2521521.49819724]
 [ 174095.49805067 2521459.42450649]
 [ 174098.84999246 2521380.85849442]
 [ 174096.33324011 2521316.27684057]
 [ 174088.0457076  2521265.45569882]
 [ 174078.06816484 2521217.33163747]
 [ 174065.96626116 2521166.03800896]
 [ 174051.74607656 2521121.44187872]
 [ 174035.46229641 2521086.09202737]
 [ 174017.13921316 2521056.32931752]
 [ 173797.35444089 2520756.38348539]
 [ 173743.29327414 2520666.41121271]
 [ 173700.53411487 2520576.0854472 ]
 [ 173671.69367589 2520492.33458331]
 [ 173656.06018961 2520439.45388444]
 [ 173645.15616996 2520391.34978379]
 [ 173636.43654274 2520344.41831013]
 [ 173629.24958147 2520263.52840922]
 [ 173608.92047175 2520063.8489086 ]
 [ 173596.06107503 2519963.01379611]
 [ 173596.06107503 2519963.01379611]
 [ 173608.92047175 2520063.8489086 ]
 [ 173629.24958147 2520263.52840922]
 [ 173636.43654274 2520344.41831013]
 [ 173645.15616996 2520391.34978379]
 [ 173656.06018961 2520439.45388444]
 [ 173671.69367589 2520492.33458331]
 [ 173700.53411487 2520576.0854472 ]
 [ 173743.29327414 2520666.41121271]
 [ 173797.35444089 2520756.38348539]
 [ 174017.13921316 2521056.32931752]
 [ 174035.46229641 2521086.09202737]
 [ 174051.74607656 2521121.44187872]
 [ 174065.96626116 2521166.03800896]
 [ 174078.06816484 2521217.33163747]
 [ 174088.0457076  2521265.45569882]
 [ 174096.33324011 2521316.27684057]
 [ 174098.84999246 2521380.85849442]
 [ 174095.49805067 2521459.42450649]
 [ 174085.72631499 2521521.49819724]
 [ 174052.73143914 2521660.7905954 ]
 [ 173967.14436431 2521998.55653921]
 [ 173926.7681584  2522133.90600943]]","[1635, 3, 18, 1275, 190, 1366]",1159.0,"[[ 175864.72101892 2522722.34762783]
 [ 175781.98215257 2522694.29183277]
 [ 174852.56861148 2522407.95870171]
 [ 174758.75121265 2522381.25391166]
 [ 174758.75121265 2522381.25391166]
 [ 174665.64560184 2522354.20179792]
 [ 174048.47991248 2522166.77013183]
 [ 173926.7681584  2522133.90600943]
 [ 173926.7681584  2522133.90600943]
 [ 173967.14436431 2521998.55653921]
 [ 174052.73143914 2521660.7905954 ]
 [ 174085.72631499 2521521.49819724]
 [ 174095.49805067 2521459.42450649]
 [ 174098.84999246 2521380.85849442]
 [ 174096.33324011 2521316.27684057]
 [ 174088.0457076  2521265.45569882]
 [ 174078.06816484 2521217.33163747]
 [ 174065.96626116 2521166.03800896]
 [ 174051.74607656 2521121.44187872]
 [ 174035.46229641 2521086.09202737]
 [ 174017.13921316 2521056.32931752]
 [ 173797.35444089 2520756.38348539]
 [ 173743.29327414 2520666.41121271]
 [ 173700.53411487 2520576.0854472 ]
 [ 173671.69367589 2520492.33458331]
 [ 173656.06018961 2520439.45388444]
 [ 173645.15616996 2520391.34978379]
 [ 173636.43654274 2520344.41831013]
 [ 173629.24958147 2520263.52840922]
 [ 173608.92047175 2520063.8489086 ]
 [ 173596.06107503 2519963.01379611]]",253.30151847073526
0,31,190,1,1157.4307988465198,0.0,443.0,1600.4307988465198,864.2335004154423,0.5400005430027479,0.3436290676964638,0.9999882093837973,0.34356347492246797,0,440300024047004,440300024057002,"[[ 174758.75121265 2522381.25391166]
 [ 174852.56861148 2522407.95870171]
 [ 175781.98215257 2522694.29183277]
 [ 175864.72101892 2522722.34762783]]",,"[[ 174758.75121265 2522381.25391166]
 [ 174852.56861148 2522407.95870171]
 [ 175781.98215257 2522694.29183277]
 [ 175864.72101892 2522722.34762783]
 [ 175864.72101892 2522722.34762783]
 [ 175781.98215257 2522694.29183277]
 [ 174852.56861148 2522407.95870171]
 [ 174758.75121265 2522381.25391166]
 [ 174758.75121265 2522381.25391166]
 [ 174665.64560184 2522354.20179792]
 [ 174048.47991248 2522166.77013183]
 [ 173926.7681584  2522133.90600943]]","[1635, 3, 18, 1275]",1159.0,"[[ 175864.72101892 2522722.34762783]
 [ 175781.98215257 2522694.29183277]
 [ 174852.56861148 2522407.95870171]
 [ 174758.75121265 2522381.25391166]
 [ 174758.75121265 2522381.25391166]
 [ 174665.64560184 2522354.20179792]
 [ 174048.47991248 2522166.77013183]
 [ 173926.7681584  2522133.90600943]]",253.30151847073526
0,31,26,1,1157.4307988465198,0.0,562.0,1719.4307988465198,864.2335004154423,0.5026276724804589,0.31984686076885066,0.9999882093837973,0.3197858076018636,0,440300024047004,440300024047002,"[[ 174758.75121265 2522381.25391166]
 [ 174852.56861148 2522407.95870171]
 [ 175781.98215257 2522694.29183277]
 [ 175864.72101892 2522722.34762783]]",,"[[ 174758.75121265 2522381.25391166]
 [ 174852.56861148 2522407.95870171]
 [ 175781.98215257 2522694.29183277]
 [ 175864.72101892 2522722.34762783]
 [ 175864.72101892 2522722.34762783]
 [ 175781.98215257 2522694.29183277]
 [ 174852.56861148 2522407.95870171]
 [ 174758.75121265 2522381.25391166]
 [ 174758.75121265 2522381.25391166]
 [ 174665.64560184 2522354.20179792]
 [ 174048.47991248 2522166.77013183]
 [ 173926.7681584  2522133.90600943]]","[1635, 3, 18, 1269, 1274]",1159.0,"[[ 175864.72101892 2522722.34762783]
 [ 175781.98215257 2522694.29183277]
 [ 174852.56861148 2522407.95870171]
 [ 174758.75121265 2522381.25391166]
 [ 174758.75121265 2522381.25391166]
 [ 174665.64560184 2522354.20179792]
 [ 174048.47991248 2522166.77013183]
 [ 173926.7681584  2522133.90600943]]",253.30151847073526
0,3,195,1,0.0,1885.1937965304028,inf,inf,864.2335004154423,0.0,0.0,1.0,0.0,0,440300024046035,440300024057014,,"[[ 172959.29758551 2523506.53763749]
 [ 172953.56992222 2523269.40177446]
 [ 172954.08644262 2523240.89735636]
 [ 172957.26266731 2523211.78127687]
 [ 172960.84018652 2523196.51515314]
 [ 173018.22753145 2522954.24993946]
 [ 173028.88609418 2522928.85311912]
 [ 173040.5650036  2522907.86907862]
 [ 173062.93809485 2522877.45259093]
 [ 173089.43351658 2522847.50170371]
 [ 173132.89347498 2522822.3963538 ]
 [ 173325.33264719 2522750.18013899]
 [ 173441.53450048 2522713.42139283]
 [ 173588.82042661 2522668.78872413]
 [ 173676.25630442 2522623.33764208]
 [ 173733.36655729 2522582.75189723]
 [ 173761.6892355  2522556.42181907]
 [ 173795.11020624 2522518.56286346]
 [ 173810.19107809 2522497.94998855]
 [ 173819.67022801 2522479.78572193]
 [ 173826.33404376 2522464.56451856]
 [ 173887.78309096 2522276.5430994 ]
 [ 173926.40603938 2522135.23091679]]","[[ 172959.29758551 2523506.53763749]
 [ 172953.56992222 2523269.40177446]
 [ 172954.08644262 2523240.89735636]
 [ 172957.26266731 2523211.78127687]
 [ 172960.84018652 2523196.51515314]
 [ 173018.22753145 2522954.24993946]
 [ 173028.88609418 2522928.85311912]
 [ 173040.5650036  2522907.86907862]
 [ 173062.93809485 2522877.45259093]
 [ 173089.43351658 2522847.50170371]
 [ 173132.89347498 2522822.3963538 ]
 [ 173325.33264719 2522750.18013899]
 [ 173441.53450048 2522713.42139283]
 [ 173588.82042661 2522668.78872413]
 [ 173676.25630442 2522623.33764208]
 [ 173733.36655729 2522582.75189723]
 [ 173761.6892355  2522556.42181907]
 [ 173795.11020624 2522518.56286346]
 [ 173810.19107809 2522497.94998855]
 [ 173819.67022801 2522479.78572193]
 [ 173826.33404376 2522464.56451856]
 [ 173887.78309096 2522276.5430994 ]
 [ 173926.40603938 2522135.23091679]]",,1159.0,,253.30151847073526
0,3,176,1,0.0,1.3735027171400904,212.0,213.3735027171401,864.2335004154423,0.2468933484001374,0.24668559464888257,1.0,0.2466414147412132,0,440300024046035,440300024056013,,"[[ 173926.7681584  2522133.90600943]
 [ 173926.40603938 2522135.23091679]]","[[ 174758.75121265 2522381.25391166]
 [ 174665.64560184 2522354.20179792]
 [ 174048.47991248 2522166.77013183]
 [ 173926.7681584  2522133.90600943]
 [ 173926.7681584  2522133.90600943]
 [ 173926.40603938 2522135.23091679]]","[18, 1269]",1159.0,"[[ 174758.75121265 2522381.25391166]
 [ 174665.64560184 2522354.20179792]
 [ 174048.47991248 2522166.77013183]
 [ 173926.7681584  2522133.90600943]]",253.30151847073526
0,3,187,1,0.0,2314.061228302328,495.0,2809.061228302328,864.2335004154423,0.30765918937898934,0.1781228793986261,0.9999882093837973,0.17808887885888655,0,440300024046035,440300024056024,,"[[ 173596.06107503 2519963.01379611]
 [ 173608.92047175 2520063.8489086 ]
 [ 173629.24958147 2520263.52840922]
 [ 173636.43654274 2520344.41831013]
 [ 173645.15616996 2520391.34978379]
 [ 173656.06018961 2520439.45388444]
 [ 173671.69367589 2520492.33458331]
 [ 173700.53411487 2520576.0854472 ]
 [ 173743.29327414 2520666.41121271]
 [ 173797.35444089 2520756.38348539]
 [ 174017.13921316 2521056.32931752]
 [ 174035.46229641 2521086.09202737]
 [ 174051.74607656 2521121.44187872]
 [ 174065.96626116 2521166.03800896]
 [ 174078.06816484 2521217.33163747]
 [ 174088.0457076  2521265.45569882]
 [ 174096.33324011 2521316.27684057]
 [ 174098.84999246 2521380.85849442]
 [ 174095.49805067 2521459.42450649]
 [ 174085.72631499 2521521.49819724]
 [ 174052.73143914 2521660.7905954 ]
 [ 173967.14436431 2521998.55653921]
 [ 173926.7681584  2522133.90600943]]","[[ 174758.75121265 2522381.25391166]
 [ 174665.64560184 2522354.20179792]
 [ 174048.47991248 2522166.77013183]
 [ 173926.7681584  2522133.90600943]
 [ 173926.7681584  2522133.90600943]
 [ 173967.14436431 2521998.55653921]
 [ 174052.73143914 2521660.7905954 ]
 [ 174085.72631499 2521521.49819724]
 [ 174095.49805067 2521459.42450649]
 [ 174098.84999246 2521380.85849442]
 [ 174096.33324011 2521316.27684057]
 [ 174088.0457076  2521265.45569882]
 [ 174078.06816484 2521217.33163747]
 [ 174065.96626116 2521166.03800896]
 [ 174051.74607656 2521121.44187872]
 [ 174035.46229641 2521086.09202737]
 [ 174017.13921316 2521056.32931752]
 [ 173797.35444089 2520756.38348539]
 [ 173743.29327414 2520666.41121271]
 [ 173700.53411487 2520576.0854472 ]
 [ 173671.69367589 2520492.33458331]
 [ 173656.06018961 2520439.45388444]
 [ 173645.15616996 2520391.34978379]
 [ 173636.43654274 2520344.41831013]
 [ 173629.24958147 2520263.52840922]
 [ 173608.92047175 2520063.8489086 ]
 [ 173596.06107503 2519963.01379611]
 [ 173596.06107503 2519963.01379611]
 [ 173608.92047175 2520063.8489086 ]
 [ 173629.24958147 2520263.52840922]
 [ 173636.43654274 2520344.41831013]
 [ 173645.15616996 2520391.34978379]
 [ 173656.06018961 2520439.45388444]
 [ 173671.69367589 2520492.33458331]
 [ 173700.53411487 2520576.0854472 ]
 [ 173743.29327414 2520666.41121271]
 [ 173797.35444089 2520756.38348539]
 [ 174017.13921316 2521056.32931752]
 [ 174035.46229641 2521086.09202737]
 [ 174051.74607656 2521121.44187872]
 [ 174065.96626116 2521166.03800896]
 [ 174078.06816484 2521217.33163747]
 [ 174088.0457076  2521265.45569882]
 [ 174096.33324011 2521316.27684057]
 [ 174098.84999246 2521380.85849442]
 [ 174095.49805067 2521459.42450649]
 [ 174085.72631499 2521521.49819724]
 [ 174052.73143914 2521660.7905954 ]
 [ 173967.14436431 2521998.55653921]
 [ 173926.7681584  2522133.90600943]]","[18, 1275, 190, 1366]",1159.0,"[[ 174758.75121265 2522381.25391166]
 [ 174665.64560184 2522354.20179792]
 [ 174048.47991248 2522166.77013183]
 [ 173926.7681584  2522133.90600943]
 [ 173926.7681584  2522133.90600943]
 [ 173967.14436431 2521998.55653921]
 [ 174052.73143914 2521660.7905954 ]
 [ 174085.72631499 2521521.49819724]
 [ 174095.49805067 2521459.42450649]
 [ 174098.84999246 2521380.85849442]
 [ 174096.33324011 2521316.27684057]
 [ 174088.0457076  2521265.45569882]
 [ 174078.06816484 2521217.33163747]
 [ 174065.96626116 2521166.03800896]
 [ 174051.74607656 2521121.44187872]
 [ 174035.46229641 2521086.09202737]
 [ 174017.13921316 2521056.32931752]
 [ 173797.35444089 2520756.38348539]
 [ 173743.29327414 2520666.41121271]
 [ 173700.53411487 2520576.0854472 ]
 [ 173671.69367589 2520492.33458331]
 [ 173656.06018961 2520439.45388444]
 [ 173645.15616996 2520391.34978379]
 [ 173636.43654274 2520344.41831013]
 [ 173629.24958147 2520263.52840922]
 [ 173608.92047175 2520063.8489086 ]
 [ 173596.06107503 2519963.01379611]]",253.30151847073526
0,3,190,1,0.0,0.0,212.0,212.0,864.2335004154423,0.24530407569029702,0.2452961906799017,0.9999882093837973,0.24524936793086838,0,440300024046035,440300024057002,,,"[[ 174758.75121265 2522381.25391166]
 [ 174665.64560184 2522354.20179792]
 [ 174048.47991248 2522166.77013183]
 [ 173926.7681584  2522133.90600943]]","[18, 1275]",1159.0,"[[ 174758.75121265 2522381.25391166]
 [ 174665.64560184 2522354.20179792]
 [ 174048.47991248 2522166.77013183]
 [ 173926.7681584  2522133.90600943]]",253.30151847073526
0,3,26,1,0.0,0.0,331.0,331.0,864.2335004154423,0.38299834459192594,0.38298603356154454,0.9999882093837973,0.38291292823168593,0,440300024046035,440300024047002,,,"[[ 174758.75121265 2522381.25391166]
 [ 174665.64560184 2522354.20179792]
 [ 174048.47991248 2522166.77013183]
 [ 173926.7681584  2522133.90600943]]","[18, 1269, 1274]",1159.0,"[[ 174758.75121265 2522381.25391166]
 [ 174665.64560184 2522354.20179792]
 [ 174048.47991248 2522166.77013183]
 [ 173926.7681584  2522133.90600943]]",253.30151847073526
1,195,186,2,1.373502717140127,626.5710148826499,439.0,1066.94451759979,3997.0753713082077,0.266931298133262,0.23282806924655658,0.9969197388991786,0.0,0,440300024057002,440300024056023,"[[ 173926.40603938 2522135.23091679]
 [ 173926.7681584  2522133.90600943]]","[[ 173292.93106    2517555.49194225]
 [ 173305.68148854 2517660.7641032 ]
 [ 173319.53877152 2517764.90381791]
 [ 173371.27162285 2518177.14233818]]","[[ 173926.40603938 2522135.23091679]
 [ 173926.7681584  2522133.90600943]
 [ 173926.7681584  2522133.90600943]
 [ 173967.14436431 2521998.55653921]
 [ 174052.73143914 2521660.7905954 ]
 [ 174085.72631499 2521521.49819724]
 [ 174095.49805067 2521459.42450649]
 [ 174098.84999246 2521380.85849442]
 [ 174096.33324011 2521316.27684057]
 [ 174088.0457076  2521265.45569882]
 [ 174078.06816484 2521217.33163747]
 [ 174065.96626116 2521166.03800896]
 [ 174051.74607656 2521121.44187872]
 [ 174035.46229641 2521086.09202737]
 [ 174017.13921316 2521056.32931752]
 [ 173797.35444089 2520756.38348539]
 [ 173743.29327414 2520666.41121271]
 [ 173700.53411487 2520576.0854472 ]
 [ 173671.69367589 2520492.33458331]
 [ 173656.06018961 2520439.45388444]
 [ 173645.15616996 2520391.34978379]
 [ 173636.43654274 2520344.41831013]
 [ 173629.24958147 2520263.52840922]
 [ 173608.92047175 2520063.8489086 ]
 [ 173596.06107503 2519963.01379611]
 [ 173596.06107503 2519963.01379611]
 [ 173582.92660675 2519863.73673862]
 [ 173319.53877152 2517764.90381791]
 [ 173305.68148854 2517660.7641032 ]
 [ 173292.93106    2517555.49194225]
 [ 173292.93106    2517555.49194225]
 [ 173305.68148854 2517660.7641032 ]
 [ 173319.53877152 2517764.90381791]
 [ 173371.27162285 2518177.14233818]]","[190, 196, 1375]",1879.0,"[[ 173926.7681584  2522133.90600943]
 [ 173967.14436431 2521998.55653921]
 [ 174052.73143914 2521660.7905954 ]
 [ 174085.72631499 2521521.49819724]
 [ 174095.49805067 2521459.42450649]
 [ 174098.84999246 2521380.85849442]
 [ 174096.33324011 2521316.27684057]
 [ 174088.0457076  2521265.45569882]
 [ 174078.06816484 2521217.33163747]
 [ 174065.96626116 2521166.03800896]
 [ 174051.74607656 2521121.44187872]
 [ 174035.46229641 2521086.09202737]
 [ 174017.13921316 2521056.32931752]
 [ 173797.35444089 2520756.38348539]
 [ 173743.29327414 2520666.41121271]
 [ 173700.53411487 2520576.0854472 ]
 [ 173671.69367589 2520492.33458331]
 [ 173656.06018961 2520439.45388444]
 [ 173645.15616996 2520391.34978379]
 [ 173636.43654274 2520344.41831013]
 [ 173629.24958147 2520263.52840922]
 [ 173608.92047175 2520063.8489086 ]
 [ 173596.06107503 2519963.01379611]
 [ 173596.06107503 2519963.01379611]
 [ 173582.92660675 2519863.73673862]
 [ 173319.53877152 2517764.90381791]
 [ 173305.68148854 2517660.7641032 ]
 [ 173292.93106    2517555.49194225]]",188.29779317116072
1,195,196,2,1.373502717140127,1885.1937965304028,163.0,2049.567299247543,3997.0753713082077,0.5127667378903434,0.25638336894517183,0.9969197388991786,0.0,0,440300024057002,440300024057015,"[[ 173926.40603938 2522135.23091679]
 [ 173926.7681584  2522133.90600943]]","[[ 172959.29758551 2523506.53763749]
 [ 172953.56992222 2523269.40177446]
 [ 172954.08644262 2523240.89735636]
 [ 172957.26266731 2523211.78127687]
 [ 172960.84018652 2523196.51515314]
 [ 173018.22753145 2522954.24993946]
 [ 173028.88609418 2522928.85311912]
 [ 173040.5650036  2522907.86907862]
 [ 173062.93809485 2522877.45259093]
 [ 173089.43351658 2522847.50170371]
 [ 173132.89347498 2522822.3963538 ]
 [ 173325.33264719 2522750.18013899]
 [ 173441.53450048 2522713.42139283]
 [ 173588.82042661 2522668.78872413]
 [ 173676.25630442 2522623.33764208]
 [ 173733.36655729 2522582.75189723]
 [ 173761.6892355  2522556.42181907]
 [ 173795.11020624 2522518.56286346]
 [ 173810.19107809 2522497.94998855]
 [ 173819.67022801 2522479.78572193]
 [ 173826.33404376 2522464.56451856]
 [ 173887.78309096 2522276.5430994 ]
 [ 173926.40603938 2522135.23091679]]","[[ 173926.40603938 2522135.23091679]
 [ 173926.7681584  2522133.90600943]
 [ 173926.7681584  2522133.90600943]
 [ 173967.14436431 2521998.55653921]
 [ 174052.73143914 2521660.7905954 ]
 [ 174085.72631499 2521521.49819724]
 [ 174095.49805067 2521459.42450649]
 [ 174098.84999246 2521380.85849442]
 [ 174096.33324011 2521316.27684057]
 [ 174088.0457076  2521265.45569882]
 [ 174078.06816484 2521217.33163747]
 [ 174065.96626116 2521166.03800896]
 [ 174051.74607656 2521121.44187872]
 [ 174035.46229641 2521086.09202737]
 [ 174017.13921316 2521056.32931752]
 [ 173797.35444089 2520756.38348539]
 [ 173743.29327414 2520666.41121271]
 [ 173700.53411487 2520576.0854472 ]
 [ 173671.69367589 2520492.33458331]
 [ 173656.06018961 2520439.45388444]
 [ 173645.15616996 2520391.34978379]
 [ 173636.43654274 2520344.41831013]
 [ 173629.24958147 2520263.52840922]
 [ 173608.92047175 2520063.8489086 ]
 [ 173596.06107503 2519963.01379611]
 [ 172959.29758551 2523506.53763749]
 [ 172953.56992222 2523269.40177446]
 [ 172954.08644262 2523240.89735636]
 [ 172957.26266731 2523211.78127687]
 [ 172960.84018652 2523196.51515314]
 [ 173018.22753145 2522954.24993946]
 [ 173028.88609418 2522928.85311912]
 [ 173040.5650036  2522907.86907862]
 [ 173062.93809485 2522877.45259093]
 [ 173089.43351658 2522847.50170371]
 [ 173132.89347498 2522822.3963538 ]
 [ 173325.33264719 2522750.18013899]
 [ 173441.53450048 2522713.42139283]
 [ 173588.82042661 2522668.78872413]
 [ 173676.25630442 2522623.33764208]
 [ 173733.36655729 2522582.75189723]
 [ 173761.6892355  2522556.42181907]
 [ 173795.11020624 2522518.56286346]
 [ 173810.19107809 2522497.94998855]
 [ 173819.67022801 2522479.78572193]
 [ 173826.33404376 2522464.56451856]
 [ 173887.78309096 2522276.5430994 ]
 [ 173926.40603938 2522135.23091679]]",[190],1879.0,"[[ 173926.7681584  2522133.90600943]
 [ 173967.14436431 2521998.55653921]
 [ 174052.73143914 2521660.7905954 ]
 [ 174085.72631499 2521521.49819724]
 [ 174095.49805067 2521459.42450649]
 [ 174098.84999246 2521380.85849442]
 [ 174096.33324011 2521316.27684057]
 [ 174088.0457076  2521265.45569882]
 [ 174078.06816484 2521217.33163747]
 [ 174065.96626116 2521166.03800896]
 [ 174051.74607656 2521121.44187872]
 [ 174035.46229641 2521086.09202737]
 [ 174017.13921316 2521056.32931752]
 [ 173797.35444089 2520756.38348539]
 [ 173743.29327414 2520666.41121271]
 [ 173700.53411487 2520576.0854472 ]
 [ 173671.69367589 2520492.33458331]
 [ 173656.06018961 2520439.45388444]
 [ 173645.15616996 2520391.34978379]
 [ 173636.43654274 2520344.41831013]
 [ 173629.24958147 2520263.52840922]
 [ 173608.92047175 2520063.8489086 ]
 [ 173596.06107503 2519963.01379611]]",188.29779317116072
1,176,186,2,1885.1937965304023,626.5710148826499,inf,inf,3997.0753713082077,0.0,0.0,0.9969197388991786,0.0,0,440300024056025,440300024056023,"[[ 173926.40603938 2522135.23091679]
 [ 173887.78309096 2522276.5430994 ]
 [ 173826.33404376 2522464.56451856]
 [ 173819.67022801 2522479.78572193]
 [ 173810.19107809 2522497.94998855]
 [ 173795.11020624 2522518.56286346]
 [ 173761.6892355  2522556.42181907]
 [ 173733.36655729 2522582.75189723]
 [ 173676.25630442 2522623.33764208]
 [ 173588.82042661 2522668.78872413]
 [ 173441.53450048 2522713.42139283]
 [ 173325.33264719 2522750.18013899]
 [ 173132.89347498 2522822.3963538 ]
 [ 173089.43351658 2522847.50170371]
 [ 173062.93809485 2522877.45259093]
 [ 173040.5650036  2522907.86907862]
 [ 173028.88609418 2522928.85311912]
 [ 173018.22753145 2522954.24993946]
 [ 172960.84018652 2523196.51515314]
 [ 172957.26266731 2523211.78127687]
 [ 172954.08644262 2523240.89735636]
 [ 172953.56992222 2523269.40177446]
 [ 172959.29758551 2523506.53763749]]","[[ 173292.93106    2517555.49194225]
 [ 173305.68148854 2517660.7641032 ]
 [ 173319.53877152 2517764.90381791]
 [ 173371.27162285 2518177.14233818]]","[[ 173926.40603938 2522135.23091679]
 [ 173887.78309096 2522276.5430994 ]
 [ 173826.33404376 2522464.56451856]
 [ 173819.67022801 2522479.78572193]
 [ 173810.19107809 2522497.94998855]
 [ 173795.11020624 2522518.56286346]
 [ 173761.6892355  2522556.42181907]
 [ 173733.36655729 2522582.75189723]
 [ 173676.25630442 2522623.33764208]
 [ 173588.82042661 2522668.78872413]
 [ 173441.53450048 2522713.42139283]
 [ 173325.33264719 2522750.18013899]
 [ 173132.89347498 2522822.3963538 ]
 [ 173089.43351658 2522847.50170371]
 [ 173062.93809485 2522877.45259093]
 [ 173040.5650036  2522907.86907862]
 [ 173028.88609418 2522928.85311912]
 [ 173018.22753145 2522954.24993946]
 [ 172960.84018652 2523196.51515314]
 [ 172957.26266731 2523211.78127687]
 [ 172954.08644262 2523240.89735636]
 [ 172953.56992222 2523269.40177446]
 [ 172959.29758551 2523506.53763749]
 [ 173292.93106    2517555.49194225]
 [ 173305.68148854 2517660.7641032 ]
 [ 173319.53877152 2517764.90381791]
 [ 173371.27162285 2518177.14233818]]",,1880.0,,188.29779317116072
1,176,196,2,1885.1937965304023,1799.965221134821,inf,inf,3997.0753713082077,0.0,0.0,0.9969197388991786,0.0,0,440300024056025,440300024057015,"[[ 173926.40603938 2522135.23091679]
 [ 173887.78309096 2522276.5430994 ]
 [ 173826.33404376 2522464.56451856]
 [ 173819.67022801 2522479.78572193]
 [ 173810.19107809 2522497.94998855]
 [ 173795.11020624 2522518.56286346]
 [ 173761.6892355  2522556.42181907]
 [ 173733.36655729 2522582.75189723]
 [ 173676.25630442 2522623.33764208]
 [ 173588.82042661 2522668.78872413]
 [ 173441.53450048 2522713.42139283]
 [ 173325.33264719 2522750.18013899]
 [ 173132.89347498 2522822.3963538 ]
 [ 173089.43351658 2522847.50170371]
 [ 173062.93809485 2522877.45259093]
 [ 173040.5650036  2522907.86907862]
 [ 173028.88609418 2522928.85311912]
 [ 173018.22753145 2522954.24993946]
 [ 172960.84018652 2523196.51515314]
 [ 172957.26266731 2523211.78127687]
 [ 172954.08644262 2523240.89735636]
 [ 172953.56992222 2523269.40177446]
 [ 172959.29758551 2523506.53763749]]","[[ 173596.06107503 2519963.01379611]
 [ 173582.92660675 2519863.73673862]
 [ 173371.27162285 2518177.14233818]]","[[ 173926.40603938 2522135.23091679]
 [ 173887.78309096 2522276.5430994 ]
 [ 173826.33404376 2522464.56451856]
 [ 173819.67022801 2522479.78572193]
 [ 173810.19107809 2522497.94998855]
 [ 173795.11020624 2522518.56286346]
 [ 173761.6892355  2522556.42181907]
 [ 173733.36655729 2522582.75189723]
 [ 173676.25630442 2522623.33764208]
 [ 173588.82042661 2522668.78872413]
 [ 173441.53450048 2522713.42139283]
 [ 173325.33264719 2522750.18013899]
 [ 173132.89347498 2522822.3963538 ]
 [ 173089.43351658 2522847.50170371]
 [ 173062.93809485 2522877.45259093]
 [ 173040.5650036  2522907.86907862]
 [ 173028.88609418 2522928.85311912]
 [ 173018.22753145 2522954.24993946]
 [ 172960.84018652 2523196.51515314]
 [ 172957.26266731 2523211.78127687]
 [ 172954.08644262 2523240.89735636]
 [ 172953.56992222 2523269.40177446]
 [ 172959.29758551 2523506.53763749]
 [ 173596.06107503 2519963.01379611]
 [ 173582.92660675 2519863.73673862]
 [ 173371.27162285 2518177.14233818]]",,1880.0,,188.29779317116072
1,187,186,2,0.0,626.5710148826499,678.0,1304.57101488265,3997.0753713082077,0.3263813898149424,0.2846756152700234,0.9969197388991786,0.050541399436348666,0,440300024056013,440300024056023,,"[[ 173292.93106    2517555.49194225]
 [ 173305.68148854 2517660.7641032 ]
 [ 173319.53877152 2517764.90381791]
 [ 173371.27162285 2518177.14233818]]","[[ 173926.7681584  2522133.90600943]
 [ 173967.14436431 2521998.55653921]
 [ 174052.73143914 2521660.7905954 ]
 [ 174085.72631499 2521521.49819724]
 [ 174095.49805067 2521459.42450649]
 [ 174098.84999246 2521380.85849442]
 [ 174096.33324011 2521316.27684057]
 [ 174088.0457076  2521265.45569882]
 [ 174078.06816484 2521217.33163747]
 [ 174065.96626116 2521166.03800896]
 [ 174051.74607656 2521121.44187872]
 [ 174035.46229641 2521086.09202737]
 [ 174017.13921316 2521056.32931752]
 [ 173797.35444089 2520756.38348539]
 [ 173743.29327414 2520666.41121271]
 [ 173700.53411487 2520576.0854472 ]
 [ 173671.69367589 2520492.33458331]
 [ 173656.06018961 2520439.45388444]
 [ 173645.15616996 2520391.34978379]
 [ 173636.43654274 2520344.41831013]
 [ 173629.24958147 2520263.52840922]
 [ 173608.92047175 2520063.8489086 ]
 [ 173596.06107503 2519963.01379611]
 [ 173596.06107503 2519963.01379611]
 [ 173582.92660675 2519863.73673862]
 [ 173319.53877152 2517764.90381791]
 [ 173305.68148854 2517660.7641032 ]
 [ 173292.93106    2517555.49194225]
 [ 173292.93106    2517555.49194225]
 [ 173305.68148854 2517660.7641032 ]
 [ 173319.53877152 2517764.90381791]
 [ 173371.27162285 2518177.14233818]]","[1273, 1275, 190, 196, 1375]",2273.0,"[[ 173926.7681584  2522133.90600943]
 [ 173967.14436431 2521998.55653921]
 [ 174052.73143914 2521660.7905954 ]
 [ 174085.72631499 2521521.49819724]
 [ 174095.49805067 2521459.42450649]
 [ 174098.84999246 2521380.85849442]
 [ 174096.33324011 2521316.27684057]
 [ 174088.0457076  2521265.45569882]
 [ 174078.06816484 2521217.33163747]
 [ 174065.96626116 2521166.03800896]
 [ 174051.74607656 2521121.44187872]
 [ 174035.46229641 2521086.09202737]
 [ 174017.13921316 2521056.32931752]
 [ 173797.35444089 2520756.38348539]
 [ 173743.29327414 2520666.41121271]
 [ 173700.53411487 2520576.0854472 ]
 [ 173671.69367589 2520492.33458331]
 [ 173656.06018961 2520439.45388444]
 [ 173645.15616996 2520391.34978379]
 [ 173636.43654274 2520344.41831013]
 [ 173629.24958147 2520263.52840922]
 [ 173608.92047175 2520063.8489086 ]
 [ 173596.06107503 2519963.01379611]
 [ 173596.06107503 2519963.01379611]
 [ 173582.92660675 2519863.73673862]
 [ 173319.53877152 2517764.90381791]
 [ 173305.68148854 2517660.7641032 ]
 [ 173292.93106    2517555.49194225]]",188.29779317116072
1,187,196,2,0.0,1799.965221134821,402.0,2201.965221134821,3997.0753713082077,0.5508940954531306,0.5429590378820743,0.9969197388991786,0.09639712057930923,0,440300024056013,440300024057015,,"[[ 173596.06107503 2519963.01379611]
 [ 173582.92660675 2519863.73673862]
 [ 173371.27162285 2518177.14233818]]","[[ 173926.7681584  2522133.90600943]
 [ 173967.14436431 2521998.55653921]
 [ 174052.73143914 2521660.7905954 ]
 [ 174085.72631499 2521521.49819724]
 [ 174095.49805067 2521459.42450649]
 [ 174098.84999246 2521380.85849442]
 [ 174096.33324011 2521316.27684057]
 [ 174088.0457076  2521265.45569882]
 [ 174078.06816484 2521217.33163747]
 [ 174065.96626116 2521166.03800896]
 [ 174051.74607656 2521121.44187872]
 [ 174035.46229641 2521086.09202737]
 [ 174017.13921316 2521056.32931752]
 [ 173797.35444089 2520756.38348539]
 [ 173743.29327414 2520666.41121271]
 [ 173700.53411487 2520576.0854472 ]
 [ 173671.69367589 2520492.33458331]
 [ 173656.06018961 2520439.45388444]
 [ 173645.15616996 2520391.34978379]
 [ 173636.43654274 2520344.41831013]
 [ 173629.24958147 2520263.52840922]
 [ 173608.92047175 2520063.8489086 ]
 [ 173596.06107503 2519963.01379611]
 [ 173596.06107503 2519963.01379611]
 [ 173582.92660675 2519863.73673862]
 [ 173371.27162285 2518177.14233818]]","[1273, 1275, 190]",2273.0,"[[ 173926.7681584  2522133.90600943]
 [ 173967.14436431 2521998.55653921]
 [ 174052.73143914 2521660.7905954 ]
 [ 174085.72631499 2521521.49819724]
 [ 174095.49805067 2521459.42450649]
 [ 174098.84999246 2521380.85849442]
 [ 174096.33324011 2521316.27684057]
 [ 174088.0457076  2521265.45569882]
 [ 174078.06816484 2521217.33163747]
 [ 174065.96626116 2521166.03800896]
 [ 174051.74607656 2521121.44187872]
 [ 174035.46229641 2521086.09202737]
 [ 174017.13921316 2521056.32931752]
 [ 173797.35444089 2520756.38348539]
 [ 173743.29327414 2520666.41121271]
 [ 173700.53411487 2520576.0854472 ]
 [ 173671.69367589 2520492.33458331]
 [ 173656.06018961 2520439.45388444]
 [ 173645.15616996 2520391.34978379]
 [ 173636.43654274 2520344.41831013]
 [ 173629.24958147 2520263.52840922]
 [ 173608.92047175 2520063.8489086 ]
 [ 173596.06107503 2519963.01379611]]",188.29779317116072
1,190,186,2,2314.0612283023274,626.5710148826499,276.0,3216.6322431849776,3997.0753713082077,0.8047464569406411,0.7019140794021465,0.9969197388991786,0.6145405835821831,0,440300024057015,440300024056023,"[[ 173926.7681584  2522133.90600943]
 [ 173967.14436431 2521998.55653921]
 [ 174052.73143914 2521660.7905954 ]
 [ 174085.72631499 2521521.49819724]
 [ 174095.49805067 2521459.42450649]
 [ 174098.84999246 2521380.85849442]
 [ 174096.33324011 2521316.27684057]
 [ 174088.0457076  2521265.45569882]
 [ 174078.06816484 2521217.33163747]
 [ 174065.96626116 2521166.03800896]
 [ 174051.74607656 2521121.44187872]
 [ 174035.46229641 2521086.09202737]
 [ 174017.13921316 2521056.32931752]
 [ 173797.35444089 2520756.38348539]
 [ 173743.29327414 2520666.41121271]
 [ 173700.53411487 2520576.0854472 ]
 [ 173671.69367589 2520492.33458331]
 [ 173656.06018961 2520439.45388444]
 [ 173645.15616996 2520391.34978379]
 [ 173636.43654274 2520344.41831013]
 [ 173629.24958147 2520263.52840922]
 [ 173608.92047175 2520063.8489086 ]
 [ 173596.06107503 2519963.01379611]]","[[ 173292.93106    2517555.49194225]
 [ 173305.68148854 2517660.7641032 ]
 [ 173319.53877152 2517764.90381791]
 [ 173371.27162285 2518177.14233818]]","[[ 173926.7681584  2522133.90600943]
 [ 173967.14436431 2521998.55653921]
 [ 174052.73143914 2521660.7905954 ]
 [ 174085.72631499 2521521.49819724]
 [ 174095.49805067 2521459.42450649]
 [ 174098.84999246 2521380.85849442]
 [ 174096.33324011 2521316.27684057]
 [ 174088.0457076  2521265.45569882]
 [ 174078.06816484 2521217.33163747]
 [ 174065.96626116 2521166.03800896]
 [ 174051.74607656 2521121.44187872]
 [ 174035.46229641 2521086.09202737]
 [ 174017.13921316 2521056.32931752]
 [ 173797.35444089 2520756.38348539]
 [ 173743.29327414 2520666.41121271]
 [ 173700.53411487 2520576.0854472 ]
 [ 173671.69367589 2520492.33458331]
 [ 173656.06018961 2520439.45388444]
 [ 173645.15616996 2520391.34978379]
 [ 173636.43654274 2520344.41831013]
 [ 173629.24958147 2520263.52840922]
 [ 173608.92047175 2520063.8489086 ]
 [ 173596.06107503 2519963.01379611]
 [ 173596.06107503 2519963.01379611]
 [ 173582.92660675 2519863.73673862]
 [ 173319.53877152 2517764.90381791]
 [ 173305.68148854 2517660.7641032 ]
 [ 173292.93106    2517555.49194225]
 [ 173292.93106    2517555.49194225]
 [ 173305.68148854 2517660.7641032 ]
 [ 173319.53877152 2517764.90381791]
 [ 173371.27162285 2518177.14233818]]","[196, 1375]",2273.0,"[[ 173596.06107503 2519963.01379611]
 [ 173582.92660675 2519863.73673862]
 [ 173319.53877152 2517764.90381791]
 [ 173305.68148854 2517660.7641032 ]
 [ 173292.93106    2517555.49194225]]",188.29779317116072
1,190,196,2,2314.0612283023274,1799.965221134821,0.0,4114.026449437149,3997.0753713082077,0.9715725993582415,0.9575781046377506,0.9969197388991786,0.8383798309770797,0,440300024057015,440300024057015,"[[ 173926.7681584  2522133.90600943]
 [ 173967.14436431 2521998.55653921]
 [ 174052.73143914 2521660.7905954 ]
 [ 174085.72631499 2521521.49819724]
 [ 174095.49805067 2521459.42450649]
 [ 174098.84999246 2521380.85849442]
 [ 174096.33324011 2521316.27684057]
 [ 174088.0457076  2521265.45569882]
 [ 174078.06816484 2521217.33163747]
 [ 174065.96626116 2521166.03800896]
 [ 174051.74607656 2521121.44187872]
 [ 174035.46229641 2521086.09202737]
 [ 174017.13921316 2521056.32931752]
 [ 173797.35444089 2520756.38348539]
 [ 173743.29327414 2520666.41121271]
 [ 173700.53411487 2520576.0854472 ]
 [ 173671.69367589 2520492.33458331]
 [ 173656.06018961 2520439.45388444]
 [ 173645.15616996 2520391.34978379]
 [ 173636.43654274 2520344.41831013]
 [ 173629.24958147 2520263.52840922]
 [ 173608.92047175 2520063.8489086 ]
 [ 173596.06107503 2519963.01379611]]","[[ 173596.06107503 2519963.01379611]
 [ 173582.92660675 2519863.73673862]
 [ 173371.27162285 2518177.14233818]]","[[ 173926.7681584  2522133.90600943]
 [ 173967.14436431 2521998.55653921]
 [ 174052.73143914 2521660.7905954 ]
 [ 174085.72631499 2521521.49819724]
 [ 174095.49805067 2521459.42450649]
 [ 174098.84999246 2521380.85849442]
 [ 174096.33324011 2521316.27684057]
 [ 174088.0457076  2521265.45569882]
 [ 174078.06816484 2521217.33163747]
 [ 174065.96626116 2521166.03800896]
 [ 174051.74607656 2521121.44187872]
 [ 174035.46229641 2521086.09202737]
 [ 174017.13921316 2521056.32931752]
 [ 173797.35444089 2520756.38348539]
 [ 173743.29327414 2520666.41121271]
 [ 173700.53411487 2520576.0854472 ]
 [ 173671.69367589 2520492.33458331]
 [ 173656.06018961 2520439.45388444]
 [ 173645.15616996 2520391.34978379]
 [ 173636.43654274 2520344.41831013]
 [ 173629.24958147 2520263.52840922]
 [ 173608.92047175 2520063.8489086 ]
 [ 173596.06107503 2519963.01379611]
 [ 173596.06107503 2519963.01379611]
 [ 173582.92660675 2519863.73673862]
 [ 173371.27162285 2518177.14233818]]",,2273.0,,188.29779317116072
1,26,186,2,868.0259668485706,626.5710148826499,770.0,2264.5969817312207,3997.0753713082077,0.5665634923941997,0.44262567084864074,0.9969197388991786,0.3457167343693945,0,440300024047021,440300024056023,"[[ 173926.7681584  2522133.90600943]
 [ 174048.47991248 2522166.77013183]
 [ 174665.64560184 2522354.20179792]
 [ 174758.75121265 2522381.25391166]]","[[ 173292.93106    2517555.49194225]
 [ 173305.68148854 2517660.7641032 ]
 [ 173319.53877152 2517764.90381791]
 [ 173371.27162285 2518177.14233818]]","[[ 173926.7681584  2522133.90600943]
 [ 174048.47991248 2522166.77013183]
 [ 174665.64560184 2522354.20179792]
 [ 174758.75121265 2522381.25391166]
 [ 174758.75121265 2522381.25391166]
 [ 174665.64560184 2522354.20179792]
 [ 174048.47991248 2522166.77013183]
 [ 173926.7681584  2522133.90600943]
 [ 173926.7681584  2522133.90600943]
 [ 173967.14436431 2521998.55653921]
 [ 174052.73143914 2521660.7905954 ]
 [ 174085.72631499 2521521.49819724]
 [ 174095.49805067 2521459.42450649]
 [ 174098.84999246 2521380.85849442]
 [ 174096.33324011 2521316.27684057]
 [ 174088.0457076  2521265.45569882]
 [ 174078.06816484 2521217.33163747]
 [ 174065.96626116 2521166.03800896]
 [ 174051.74607656 2521121.44187872]
 [ 174035.46229641 2521086.09202737]
 [ 174017.13921316 2521056.32931752]
 [ 173797.35444089 2520756.38348539]
 [ 173743.29327414 2520666.41121271]
 [ 173700.53411487 2520576.0854472 ]
 [ 173671.69367589 2520492.33458331]
 [ 173656.06018961 2520439.45388444]
 [ 173645.15616996 2520391.34978379]
 [ 173636.43654274 2520344.41831013]
 [ 173629.24958147 2520263.52840922]
 [ 173608.92047175 2520063.8489086 ]
 [ 173596.06107503 2519963.01379611]
 [ 173596.06107503 2519963.01379611]
 [ 173582.92660675 2519863.73673862]
 [ 173319.53877152 2517764.90381791]
 [ 173305.68148854 2517660.7641032 ]
 [ 173292.93106    2517555.49194225]
 [ 173292.93106    2517555.49194225]
 [ 173305.68148854 2517660.7641032 ]
 [ 173319.53877152 2517764.90381791]
 [ 173371.27162285 2518177.14233818]]","[1639, 18, 1275, 190, 196, 1375]",862.0,"[[ 174758.75121265 2522381.25391166]
 [ 174665.64560184 2522354.20179792]
 [ 174048.47991248 2522166.77013183]
 [ 173926.7681584  2522133.90600943]
 [ 173926.7681584  2522133.90600943]
 [ 173967.14436431 2521998.55653921]
 [ 174052.73143914 2521660.7905954 ]
 [ 174085.72631499 2521521.49819724]
 [ 174095.49805067 2521459.42450649]
 [ 174098.84999246 2521380.85849442]
 [ 174096.33324011 2521316.27684057]
 [ 174088.0457076  2521265.45569882]
 [ 174078.06816484 2521217.33163747]
 [ 174065.96626116 2521166.03800896]
 [ 174051.74607656 2521121.44187872]
 [ 174035.46229641 2521086.09202737]
 [ 174017.13921316 2521056.32931752]
 [ 173797.35444089 2520756.38348539]
 [ 173743.29327414 2520666.41121271]
 [ 173700.53411487 2520576.0854472 ]
 [ 173671.69367589 2520492.33458331]
 [ 173656.06018961 2520439.45388444]
 [ 173645.15616996 2520391.34978379]
 [ 173636.43654274 2520344.41831013]
 [ 173629.24958147 2520263.52840922]
 [ 173608.92047175 2520063.8489086 ]
 [ 173596.06107503 2519963.01379611]
 [ 173596.06107503 2519963.01379611]
 [ 173582.92660675 2519863.73673862]
 [ 173319.53877152 2517764.90381791]
 [ 173305.68148854 2517660.7641032 ]
 [ 173292.93106    2517555.49194225]]",188.29779317116072
1,26,196,2,868.0259668485706,1799.965221134821,494.0,3161.9911879833917,3997.0753713082077,0.7910761980323877,0.6656842889519721,0.9969197388991786,0.5199386607113118,0,440300024047021,440300024057015,"[[ 173926.7681584  2522133.90600943]
 [ 174048.47991248 2522166.77013183]
 [ 174665.64560184 2522354.20179792]
 [ 174758.75121265 2522381.25391166]]","[[ 173596.06107503 2519963.01379611]
 [ 173582.92660675 2519863.73673862]
 [ 173371.27162285 2518177.14233818]]","[[ 173926.7681584  2522133.90600943]
 [ 174048.47991248 2522166.77013183]
 [ 174665.64560184 2522354.20179792]
 [ 174758.75121265 2522381.25391166]
 [ 174758.75121265 2522381.25391166]
 [ 174665.64560184 2522354.20179792]
 [ 174048.47991248 2522166.77013183]
 [ 173926.7681584  2522133.90600943]
 [ 173926.7681584  2522133.90600943]
 [ 173967.14436431 2521998.55653921]
 [ 174052.73143914 2521660.7905954 ]
 [ 174085.72631499 2521521.49819724]
 [ 174095.49805067 2521459.42450649]
 [ 174098.84999246 2521380.85849442]
 [ 174096.33324011 2521316.27684057]
 [ 174088.0457076  2521265.45569882]
 [ 174078.06816484 2521217.33163747]
 [ 174065.96626116 2521166.03800896]
 [ 174051.74607656 2521121.44187872]
 [ 174035.46229641 2521086.09202737]
 [ 174017.13921316 2521056.32931752]
 [ 173797.35444089 2520756.38348539]
 [ 173743.29327414 2520666.41121271]
 [ 173700.53411487 2520576.0854472 ]
 [ 173671.69367589 2520492.33458331]
 [ 173656.06018961 2520439.45388444]
 [ 173645.15616996 2520391.34978379]
 [ 173636.43654274 2520344.41831013]
 [ 173629.24958147 2520263.52840922]
 [ 173608.92047175 2520063.8489086 ]
 [ 173596.06107503 2519963.01379611]
 [ 173596.06107503 2519963.01379611]
 [ 173582.92660675 2519863.73673862]
 [ 173371.27162285 2518177.14233818]]","[1639, 18, 1275, 190]",862.0,"[[ 174758.75121265 2522381.25391166]
 [ 174665.64560184 2522354.20179792]
 [ 174048.47991248 2522166.77013183]
 [ 173926.7681584  2522133.90600943]
 [ 173926.7681584  2522133.90600943]
 [ 173967.14436431 2521998.55653921]
 [ 174052.73143914 2521660.7905954 ]
 [ 174085.72631499 2521521.49819724]
 [ 174095.49805067 2521459.42450649]
 [ 174098.84999246 2521380.85849442]
 [ 174096.33324011 2521316.27684057]
 [ 174088.0457076  2521265.45569882]
 [ 174078.06816484 2521217.33163747]
 [ 174065.96626116 2521166.03800896]
 [ 174051.74607656 2521121.44187872]
 [ 174035.46229641 2521086.09202737]
 [ 174017.13921316 2521056.32931752]
 [ 173797.35444089 2520756.38348539]
 [ 173743.29327414 2520666.41121271]
 [ 173700.53411487 2520576.0854472 ]
 [ 173671.69367589 2520492.33458331]
 [ 173656.06018961 2520439.45388444]
 [ 173645.15616996 2520391.34978379]
 [ 173636.43654274 2520344.41831013]
 [ 173629.24958147 2520263.52840922]
 [ 173608.92047175 2520063.8489086 ]
 [ 173596.06107503 2519963.01379611]]",188.29779317116072
2,186,186,3,1799.965221134821,264.7923210118229,836.0,2900.757542146644,363.2602739772784,0.12522945082423378,0.0650885990272176,0.9993046478618214,0.039971771833338436,2,440300024056024,440300024056023,"[[ 173371.27162285 2518177.14233818]
 [ 173582.92660675 2519863.73673862]
 [ 173596.06107503 2519963.01379611]]","[[ 173292.93106    2517555.49194225]
 [ 173305.68148854 2517660.7641032 ]
 [ 173319.53877152 2517764.90381791]
 [ 173326.22442675 2517818.17914583]]","[[ 173371.27162285 2518177.14233818]
 [ 173582.92660675 2519863.73673862]
 [ 173596.06107503 2519963.01379611]
 [ 173596.06107503 2519963.01379611]
 [ 173608.92047175 2520063.8489086 ]
 [ 173629.24958147 2520263.52840922]
 [ 173636.43654274 2520344.41831013]
 [ 173645.15616996 2520391.34978379]
 [ 173656.06018961 2520439.45388444]
 [ 173671.69367589 2520492.33458331]
 [ 173700.53411487 2520576.0854472 ]
 [ 173743.29327414 2520666.41121271]
 [ 173797.35444089 2520756.38348539]
 [ 174017.13921316 2521056.32931752]
 [ 174035.46229641 2521086.09202737]
 [ 174051.74607656 2521121.44187872]
 [ 174065.96626116 2521166.03800896]
 [ 174078.06816484 2521217.33163747]
 [ 174088.0457076  2521265.45569882]
 [ 174096.33324011 2521316.27684057]
 [ 174098.84999246 2521380.85849442]
 [ 174095.49805067 2521459.42450649]
 [ 174085.72631499 2521521.49819724]
 [ 174052.73143914 2521660.7905954 ]
 [ 173967.14436431 2521998.55653921]
 [ 173926.7681584  2522133.90600943]
 [ 173926.7681584  2522133.90600943]
 [ 173967.14436431 2521998.55653921]
 [ 174052.73143914 2521660.7905954 ]
 [ 174085.72631499 2521521.49819724]
 [ 174095.49805067 2521459.42450649]
 [ 174098.84999246 2521380.85849442]
 [ 174096.33324011 2521316.27684057]
 [ 174088.0457076  2521265.45569882]
 [ 174078.06816484 2521217.33163747]
 [ 174065.96626116 2521166.03800896]
 [ 174051.74607656 2521121.44187872]
 [ 174035.46229641 2521086.09202737]
 [ 174017.13921316 2521056.32931752]
 [ 173797.35444089 2520756.38348539]
 [ 173743.29327414 2520666.41121271]
 [ 173700.53411487 2520576.0854472 ]
 [ 173671.69367589 2520492.33458331]
 [ 173656.06018961 2520439.45388444]
 [ 173645.15616996 2520391.34978379]
 [ 173636.43654274 2520344.41831013]
 [ 173629.24958147 2520263.52840922]
 [ 173608.92047175 2520063.8489086 ]
 [ 173596.06107503 2519963.01379611]
 [ 173596.06107503 2519963.01379611]
 [ 173582.92660675 2519863.73673862]
 [ 173319.53877152 2517764.90381791]
 [ 173305.68148854 2517660.7641032 ]
 [ 173292.93106    2517555.49194225]
 [ 173292.93106    2517555.49194225]
 [ 173305.68148854 2517660.7641032 ]
 [ 173319.53877152 2517764.90381791]
 [ 173326.22442675 2517818.17914583]]","[187, 1273, 1275, 190, 196, 1375]",2137.0,"[[ 173596.06107503 2519963.01379611]
 [ 173608.92047175 2520063.8489086 ]
 [ 173629.24958147 2520263.52840922]
 [ 173636.43654274 2520344.41831013]
 [ 173645.15616996 2520391.34978379]
 [ 173656.06018961 2520439.45388444]
 [ 173671.69367589 2520492.33458331]
 [ 173700.53411487 2520576.0854472 ]
 [ 173743.29327414 2520666.41121271]
 [ 173797.35444089 2520756.38348539]
 [ 174017.13921316 2521056.32931752]
 [ 174035.46229641 2521086.09202737]
 [ 174051.74607656 2521121.44187872]
 [ 174065.96626116 2521166.03800896]
 [ 174078.06816484 2521217.33163747]
 [ 174088.0457076  2521265.45569882]
 [ 174096.33324011 2521316.27684057]
 [ 174098.84999246 2521380.85849442]
 [ 174095.49805067 2521459.42450649]
 [ 174085.72631499 2521521.49819724]
 [ 174052.73143914 2521660.7905954 ]
 [ 173967.14436431 2521998.55653921]
 [ 173926.7681584  2522133.90600943]
 [ 173926.7681584  2522133.90600943]
 [ 173967.14436431 2521998.55653921]
 [ 174052.73143914 2521660.7905954 ]
 [ 174085.72631499 2521521.49819724]
 [ 174095.49805067 2521459.42450649]
 [ 174098.84999246 2521380.85849442]
 [ 174096.33324011 2521316.27684057]
 [ 174088.0457076  2521265.45569882]
 [ 174078.06816484 2521217.33163747]
 [ 174065.96626116 2521166.03800896]
 [ 174051.74607656 2521121.44187872]
 [ 174035.46229641 2521086.09202737]
 [ 174017.13921316 2521056.32931752]
 [ 173797.35444089 2520756.38348539]
 [ 173743.29327414 2520666.41121271]
 [ 173700.53411487 2520576.0854472 ]
 [ 173671.69367589 2520492.33458331]
 [ 173656.06018961 2520439.45388444]
 [ 173645.15616996 2520391.34978379]
 [ 173636.43654274 2520344.41831013]
 [ 173629.24958147 2520263.52840922]
 [ 173608.92047175 2520063.8489086 ]
 [ 173596.06107503 2519963.01379611]
 [ 173596.06107503 2519963.01379611]
 [ 173582.92660675 2519863.73673862]
 [ 173319.53877152 2517764.90381791]
 [ 173305.68148854 2517660.7641032 ]
 [ 173292.93106    2517555.49194225]]",181.97626717991017
2,186,196,3,1799.965221134821,2161.7439150056475,560.0,4521.709136140469,363.2602739772784,0.08033693964829886,0.04185334877811691,0.9993046478618214,0.025702696521712767,0,440300024056024,440300024057015,"[[ 173371.27162285 2518177.14233818]
 [ 173582.92660675 2519863.73673862]
 [ 173596.06107503 2519963.01379611]]","[[ 173596.06107503 2519963.01379611]
 [ 173582.92660675 2519863.73673862]
 [ 173326.22442675 2517818.17914583]]","[[ 173371.27162285 2518177.14233818]
 [ 173582.92660675 2519863.73673862]
 [ 173596.06107503 2519963.01379611]
 [ 173596.06107503 2519963.01379611]
 [ 173608.92047175 2520063.8489086 ]
 [ 173629.24958147 2520263.52840922]
 [ 173636.43654274 2520344.41831013]
 [ 173645.15616996 2520391.34978379]
 [ 173656.06018961 2520439.45388444]
 [ 173671.69367589 2520492.33458331]
 [ 173700.53411487 2520576.0854472 ]
 [ 173743.29327414 2520666.41121271]
 [ 173797.35444089 2520756.38348539]
 [ 174017.13921316 2521056.32931752]
 [ 174035.46229641 2521086.09202737]
 [ 174051.74607656 2521121.44187872]
 [ 174065.96626116 2521166.03800896]
 [ 174078.06816484 2521217.33163747]
 [ 174088.0457076  2521265.45569882]
 [ 174096.33324011 2521316.27684057]
 [ 174098.84999246 2521380.85849442]
 [ 174095.49805067 2521459.42450649]
 [ 174085.72631499 2521521.49819724]
 [ 174052.73143914 2521660.7905954 ]
 [ 173967.14436431 2521998.55653921]
 [ 173926.7681584  2522133.90600943]
 [ 173926.7681584  2522133.90600943]
 [ 173967.14436431 2521998.55653921]
 [ 174052.73143914 2521660.7905954 ]
 [ 174085.72631499 2521521.49819724]
 [ 174095.49805067 2521459.42450649]
 [ 174098.84999246 2521380.85849442]
 [ 174096.33324011 2521316.27684057]
 [ 174088.0457076  2521265.45569882]
 [ 174078.06816484 2521217.33163747]
 [ 174065.96626116 2521166.03800896]
 [ 174051.74607656 2521121.44187872]
 [ 174035.46229641 2521086.09202737]
 [ 174017.13921316 2521056.32931752]
 [ 173797.35444089 2520756.38348539]
 [ 173743.29327414 2520666.41121271]
 [ 173700.53411487 2520576.0854472 ]
 [ 173671.69367589 2520492.33458331]
 [ 173656.06018961 2520439.45388444]
 [ 173645.15616996 2520391.34978379]
 [ 173636.43654274 2520344.41831013]
 [ 173629.24958147 2520263.52840922]
 [ 173608.92047175 2520063.8489086 ]
 [ 173596.06107503 2519963.01379611]
 [ 173596.06107503 2519963.01379611]
 [ 173582.92660675 2519863.73673862]
 [ 173326.22442675 2517818.17914583]]","[187, 1273, 1275, 190]",2137.0,"[[ 173596.06107503 2519963.01379611]
 [ 173608.92047175 2520063.8489086 ]
 [ 173629.24958147 2520263.52840922]
 [ 173636.43654274 2520344.41831013]
 [ 173645.15616996 2520391.34978379]
 [ 173656.06018961 2520439.45388444]
 [ 173671.69367589 2520492.33458331]
 [ 173700.53411487 2520576.0854472 ]
 [ 173743.29327414 2520666.41121271]
 [ 173797.35444089 2520756.38348539]
 [ 174017.13921316 2521056.32931752]
 [ 174035.46229641 2521086.09202737]
 [ 174051.74607656 2521121.44187872]
 [ 174065.96626116 2521166.03800896]
 [ 174078.06816484 2521217.33163747]
 [ 174088.0457076  2521265.45569882]
 [ 174096.33324011 2521316.27684057]
 [ 174098.84999246 2521380.85849442]
 [ 174095.49805067 2521459.42450649]
 [ 174085.72631499 2521521.49819724]
 [ 174052.73143914 2521660.7905954 ]
 [ 173967.14436431 2521998.55653921]
 [ 173926.7681584  2522133.90600943]
 [ 173926.7681584  2522133.90600943]
 [ 173967.14436431 2521998.55653921]
 [ 174052.73143914 2521660.7905954 ]
 [ 174085.72631499 2521521.49819724]
 [ 174095.49805067 2521459.42450649]
 [ 174098.84999246 2521380.85849442]
 [ 174096.33324011 2521316.27684057]
 [ 174088.0457076  2521265.45569882]
 [ 174078.06816484 2521217.33163747]
 [ 174065.96626116 2521166.03800896]
 [ 174051.74607656 2521121.44187872]
 [ 174035.46229641 2521086.09202737]
 [ 174017.13921316 2521056.32931752]
 [ 173797.35444089 2520756.38348539]
 [ 173743.29327414 2520666.41121271]
 [ 173700.53411487 2520576.0854472 ]
 [ 173671.69367589 2520492.33458331]
 [ 173656.06018961 2520439.45388444]
 [ 173645.15616996 2520391.34978379]
 [ 173636.43654274 2520344.41831013]
 [ 173629.24958147 2520263.52840922]
 [ 173608.92047175 2520063.8489086 ]
 [ 173596.06107503 2519963.01379611]]",181.97626717991017
2,196,186,3,626.5710148826499,264.7923210118229,120.0,1011.3633358944728,363.2602739772784,0.3591788045747207,0.25218227873784466,0.9993046478618214,0.21127752172032244,0,440300024057016,440300024056023,"[[ 173371.27162285 2518177.14233818]
 [ 173319.53877152 2517764.90381791]
 [ 173305.68148854 2517660.7641032 ]
 [ 173292.93106    2517555.49194225]]","[[ 173292.93106    2517555.49194225]
 [ 173305.68148854 2517660.7641032 ]
 [ 173319.53877152 2517764.90381791]
 [ 173326.22442675 2517818.17914583]]","[[ 173371.27162285 2518177.14233818]
 [ 173319.53877152 2517764.90381791]
 [ 173305.68148854 2517660.7641032 ]
 [ 173292.93106    2517555.49194225]
 [ 173292.93106    2517555.49194225]
 [ 173305.68148854 2517660.7641032 ]
 [ 173319.53877152 2517764.90381791]
 [ 173326.22442675 2517818.17914583]]",[1375],2137.0,[],181.97626717991017
2,196,196,3,626.5710148826499,2161.7439150056475,156.0,651.3149298882972,363.2602739772784,0.5577336819832747,0.5565882112339628,0.9993046478618214,0.4663078566694376,1,440300024057015,440300024057016,"[[ 173371.27162285 2518177.14233818]
 [ 173319.53877152 2517764.90381791]
 [ 173305.68148854 2517660.7641032 ]
 [ 173292.93106    2517555.49194225]]","[[ 173596.06107503 2519963.01379611]
 [ 173582.92660675 2519863.73673862]
 [ 173326.22442675 2517818.17914583]]","[[ 173596.06107503 2519963.01379611]
 [ 173582.92660675 2519863.73673862]
 [ 173326.22442675 2517818.17914583]]",,2137.0,,181.97626717991017
3,186,197,4,2161.743915005648,35.56180268369771,716.0,2913.305717689346,300.46755935357606,0.1031362954904329,0.05324171282904914,0.9999399003615848,0.011248101091227952,0,440300024056024,440300024057016,"[[ 173326.22442675 2517818.17914583]
 [ 173582.92660675 2519863.73673862]
 [ 173596.06107503 2519963.01379611]]","[[ 173292.93106    2517555.49194225]
 [ 173288.35126647 2517520.22627479]]","[[ 173326.22442675 2517818.17914583]
 [ 173582.92660675 2519863.73673862]
 [ 173596.06107503 2519963.01379611]
 [ 173596.06107503 2519963.01379611]
 [ 173608.92047175 2520063.8489086 ]
 [ 173629.24958147 2520263.52840922]
 [ 173636.43654274 2520344.41831013]
 [ 173645.15616996 2520391.34978379]
 [ 173656.06018961 2520439.45388444]
 [ 173671.69367589 2520492.33458331]
 [ 173700.53411487 2520576.0854472 ]
 [ 173743.29327414 2520666.41121271]
 [ 173797.35444089 2520756.38348539]
 [ 174017.13921316 2521056.32931752]
 [ 174035.46229641 2521086.09202737]
 [ 174051.74607656 2521121.44187872]
 [ 174065.96626116 2521166.03800896]
 [ 174078.06816484 2521217.33163747]
 [ 174088.0457076  2521265.45569882]
 [ 174096.33324011 2521316.27684057]
 [ 174098.84999246 2521380.85849442]
 [ 174095.49805067 2521459.42450649]
 [ 174085.72631499 2521521.49819724]
 [ 174052.73143914 2521660.7905954 ]
 [ 173967.14436431 2521998.55653921]
 [ 173926.7681584  2522133.90600943]
 [ 173926.7681584  2522133.90600943]
 [ 173967.14436431 2521998.55653921]
 [ 174052.73143914 2521660.7905954 ]
 [ 174085.72631499 2521521.49819724]
 [ 174095.49805067 2521459.42450649]
 [ 174098.84999246 2521380.85849442]
 [ 174096.33324011 2521316.27684057]
 [ 174088.0457076  2521265.45569882]
 [ 174078.06816484 2521217.33163747]
 [ 174065.96626116 2521166.03800896]
 [ 174051.74607656 2521121.44187872]
 [ 174035.46229641 2521086.09202737]
 [ 174017.13921316 2521056.32931752]
 [ 173797.35444089 2520756.38348539]
 [ 173743.29327414 2520666.41121271]
 [ 173700.53411487 2520576.0854472 ]
 [ 173671.69367589 2520492.33458331]
 [ 173656.06018961 2520439.45388444]
 [ 173645.15616996 2520391.34978379]
 [ 173636.43654274 2520344.41831013]
 [ 173629.24958147 2520263.52840922]
 [ 173608.92047175 2520063.8489086 ]
 [ 173596.06107503 2519963.01379611]
 [ 173596.06107503 2519963.01379611]
 [ 173582.92660675 2519863.73673862]
 [ 173319.53877152 2517764.90381791]
 [ 173305.68148854 2517660.7641032 ]
 [ 173292.93106    2517555.49194225]
 [ 173292.93106    2517555.49194225]
 [ 173288.35126647 2517520.22627479]]","[187, 1273, 1275, 190, 196]",2137.0,"[[ 173596.06107503 2519963.01379611]
 [ 173608.92047175 2520063.8489086 ]
 [ 173629.24958147 2520263.52840922]
 [ 173636.43654274 2520344.41831013]
 [ 173645.15616996 2520391.34978379]
 [ 173656.06018961 2520439.45388444]
 [ 173671.69367589 2520492.33458331]
 [ 173700.53411487 2520576.0854472 ]
 [ 173743.29327414 2520666.41121271]
 [ 173797.35444089 2520756.38348539]
 [ 174017.13921316 2521056.32931752]
 [ 174035.46229641 2521086.09202737]
 [ 174051.74607656 2521121.44187872]
 [ 174065.96626116 2521166.03800896]
 [ 174078.06816484 2521217.33163747]
 [ 174088.0457076  2521265.45569882]
 [ 174096.33324011 2521316.27684057]
 [ 174098.84999246 2521380.85849442]
 [ 174095.49805067 2521459.42450649]
 [ 174085.72631499 2521521.49819724]
 [ 174052.73143914 2521660.7905954 ]
 [ 173967.14436431 2521998.55653921]
 [ 173926.7681584  2522133.90600943]
 [ 173926.7681584  2522133.90600943]
 [ 173967.14436431 2521998.55653921]
 [ 174052.73143914 2521660.7905954 ]
 [ 174085.72631499 2521521.49819724]
 [ 174095.49805067 2521459.42450649]
 [ 174098.84999246 2521380.85849442]
 [ 174096.33324011 2521316.27684057]
 [ 174088.0457076  2521265.45569882]
 [ 174078.06816484 2521217.33163747]
 [ 174065.96626116 2521166.03800896]
 [ 174051.74607656 2521121.44187872]
 [ 174035.46229641 2521086.09202737]
 [ 174017.13921316 2521056.32931752]
 [ 173797.35444089 2520756.38348539]
 [ 173743.29327414 2520666.41121271]
 [ 173700.53411487 2520576.0854472 ]
 [ 173671.69367589 2520492.33458331]
 [ 173656.06018961 2520439.45388444]
 [ 173645.15616996 2520391.34978379]
 [ 173636.43654274 2520344.41831013]
 [ 173629.24958147 2520263.52840922]
 [ 173608.92047175 2520063.8489086 ]
 [ 173596.06107503 2519963.01379611]
 [ 173596.06107503 2519963.01379611]
 [ 173582.92660675 2519863.73673862]
 [ 173319.53877152 2517764.90381791]
 [ 173305.68148854 2517660.7641032 ]
 [ 173292.93106    2517555.49194225]]",188.66206021944245
3,186,185,4,2161.743915005648,1702.2358020480235,974.0,4837.979717053671,300.46755935357606,0.062105998149277225,0.031789693103874916,0.9999399003615848,0.0067160439191656105,0,440300024056024,440300024056022,"[[ 173326.22442675 2517818.17914583]
 [ 173582.92660675 2519863.73673862]
 [ 173596.06107503 2519963.01379611]]","[[ 172494.27128968 2516035.91794157]
 [ 172533.75901245 2516126.42389365]
 [ 172560.14245351 2516181.51220531]
 [ 172587.91698684 2516239.12058618]
 [ 172628.05795291 2516307.4389715 ]
 [ 172682.3032062  2516385.98658219]
 [ 172812.34745715 2516565.01414119]
 [ 173047.82077774 2516893.11158054]
 [ 173078.30460139 2516938.13418727]
 [ 173101.83938333 2516975.65623591]
 [ 173124.13573482 2517012.98317306]
 [ 173141.2497467  2517043.65851521]
 [ 173173.01240627 2517109.94036123]
 [ 173198.79124963 2517175.35294681]
 [ 173216.91444161 2517224.29981986]
 [ 173231.67477634 2517265.11471656]
 [ 173251.91180579 2517331.08982334]
 [ 173265.06488844 2517378.4804368 ]
 [ 173272.40571911 2517409.03312397]
 [ 173279.37726169 2517451.1239745 ]
 [ 173288.35126647 2517520.22627479]]","[[ 173326.22442675 2517818.17914583]
 [ 173582.92660675 2519863.73673862]
 [ 173596.06107503 2519963.01379611]
 [ 173596.06107503 2519963.01379611]
 [ 173608.92047175 2520063.8489086 ]
 [ 173629.24958147 2520263.52840922]
 [ 173636.43654274 2520344.41831013]
 [ 173645.15616996 2520391.34978379]
 [ 173656.06018961 2520439.45388444]
 [ 173671.69367589 2520492.33458331]
 [ 173700.53411487 2520576.0854472 ]
 [ 173743.29327414 2520666.41121271]
 [ 173797.35444089 2520756.38348539]
 [ 174017.13921316 2521056.32931752]
 [ 174035.46229641 2521086.09202737]
 [ 174051.74607656 2521121.44187872]
 [ 174065.96626116 2521166.03800896]
 [ 174078.06816484 2521217.33163747]
 [ 174088.0457076  2521265.45569882]
 [ 174096.33324011 2521316.27684057]
 [ 174098.84999246 2521380.85849442]
 [ 174095.49805067 2521459.42450649]
 [ 174085.72631499 2521521.49819724]
 [ 174052.73143914 2521660.7905954 ]
 [ 173967.14436431 2521998.55653921]
 [ 173926.7681584  2522133.90600943]
 [ 173926.7681584  2522133.90600943]
 [ 173967.14436431 2521998.55653921]
 [ 174052.73143914 2521660.7905954 ]
 [ 174085.72631499 2521521.49819724]
 [ 174095.49805067 2521459.42450649]
 [ 174098.84999246 2521380.85849442]
 [ 174096.33324011 2521316.27684057]
 [ 174088.0457076  2521265.45569882]
 [ 174078.06816484 2521217.33163747]
 [ 174065.96626116 2521166.03800896]
 [ 174051.74607656 2521121.44187872]
 [ 174035.46229641 2521086.09202737]
 [ 174017.13921316 2521056.32931752]
 [ 173797.35444089 2520756.38348539]
 [ 173743.29327414 2520666.41121271]
 [ 173700.53411487 2520576.0854472 ]
 [ 173671.69367589 2520492.33458331]
 [ 173656.06018961 2520439.45388444]
 [ 173645.15616996 2520391.34978379]
 [ 173636.43654274 2520344.41831013]
 [ 173629.24958147 2520263.52840922]
 [ 173608.92047175 2520063.8489086 ]
 [ 173596.06107503 2519963.01379611]
 [ 173596.06107503 2519963.01379611]
 [ 173582.92660675 2519863.73673862]
 [ 173319.53877152 2517764.90381791]
 [ 173305.68148854 2517660.7641032 ]
 [ 173292.93106    2517555.49194225]
 [ 173292.93106    2517555.49194225]
 [ 173279.37726169 2517451.1239745 ]
 [ 173272.40571911 2517409.03312397]
 [ 173265.06488844 2517378.4804368 ]
 [ 173251.91180579 2517331.08982334]
 [ 173231.67477634 2517265.11471656]
 [ 173216.91444161 2517224.29981986]
 [ 173198.79124963 2517175.35294681]
 [ 173173.01240627 2517109.94036123]
 [ 173141.2497467  2517043.65851521]
 [ 173124.13573482 2517012.98317306]
 [ 173101.83938333 2516975.65623591]
 [ 173078.30460139 2516938.13418727]
 [ 173047.82077774 2516893.11158054]
 [ 172812.34745715 2516565.01414119]
 [ 172682.3032062  2516385.98658219]
 [ 172628.05795291 2516307.4389715 ]
 [ 172587.91698684 2516239.12058618]
 [ 172560.14245351 2516181.51220531]
 [ 172533.75901245 2516126.42389365]
 [ 172494.27128968 2516035.91794157]
 [ 172494.27128968 2516035.91794157]
 [ 172533.75901245 2516126.42389365]
 [ 172560.14245351 2516181.51220531]
 [ 172587.91698684 2516239.12058618]
 [ 172628.05795291 2516307.4389715 ]
 [ 172682.3032062  2516385.98658219]
 [ 172812.34745715 2516565.01414119]
 [ 173047.82077774 2516893.11158054]
 [ 173078.30460139 2516938.13418727]
 [ 173101.83938333 2516975.65623591]
 [ 173124.13573482 2517012.98317306]
 [ 173141.2497467  2517043.65851521]
 [ 173173.01240627 2517109.94036123]
 [ 173198.79124963 2517175.35294681]
 [ 173216.91444161 2517224.29981986]
 [ 173231.67477634 2517265.11471656]
 [ 173251.91180579 2517331.08982334]
 [ 173265.06488844 2517378.4804368 ]
 [ 173272.40571911 2517409.03312397]
 [ 173279.37726169 2517451.1239745 ]
 [ 173288.35126647 2517520.22627479]]","[187, 1273, 1275, 190, 196, 197, 1382]",2137.0,"[[ 173596.06107503 2519963.01379611]
 [ 173608.92047175 2520063.8489086 ]
 [ 173629.24958147 2520263.52840922]
 [ 173636.43654274 2520344.41831013]
 [ 173645.15616996 2520391.34978379]
 [ 173656.06018961 2520439.45388444]
 [ 173671.69367589 2520492.33458331]
 [ 173700.53411487 2520576.0854472 ]
 [ 173743.29327414 2520666.41121271]
 [ 173797.35444089 2520756.38348539]
 [ 174017.13921316 2521056.32931752]
 [ 174035.46229641 2521086.09202737]
 [ 174051.74607656 2521121.44187872]
 [ 174065.96626116 2521166.03800896]
 [ 174078.06816484 2521217.33163747]
 [ 174088.0457076  2521265.45569882]
 [ 174096.33324011 2521316.27684057]
 [ 174098.84999246 2521380.85849442]
 [ 174095.49805067 2521459.42450649]
 [ 174085.72631499 2521521.49819724]
 [ 174052.73143914 2521660.7905954 ]
 [ 173967.14436431 2521998.55653921]
 [ 173926.7681584  2522133.90600943]
 [ 173926.7681584  2522133.90600943]
 [ 173967.14436431 2521998.55653921]
 [ 174052.73143914 2521660.7905954 ]
 [ 174085.72631499 2521521.49819724]
 [ 174095.49805067 2521459.42450649]
 [ 174098.84999246 2521380.85849442]
 [ 174096.33324011 2521316.27684057]
 [ 174088.0457076  2521265.45569882]
 [ 174078.06816484 2521217.33163747]
 [ 174065.96626116 2521166.03800896]
 [ 174051.74607656 2521121.44187872]
 [ 174035.46229641 2521086.09202737]
 [ 174017.13921316 2521056.32931752]
 [ 173797.35444089 2520756.38348539]
 [ 173743.29327414 2520666.41121271]
 [ 173700.53411487 2520576.0854472 ]
 [ 173671.69367589 2520492.33458331]
 [ 173656.06018961 2520439.45388444]
 [ 173645.15616996 2520391.34978379]
 [ 173636.43654274 2520344.41831013]
 [ 173629.24958147 2520263.52840922]
 [ 173608.92047175 2520063.8489086 ]
 [ 173596.06107503 2519963.01379611]
 [ 173596.06107503 2519963.01379611]
 [ 173582.92660675 2519863.73673862]
 [ 173319.53877152 2517764.90381791]
 [ 173305.68148854 2517660.7641032 ]
 [ 173292.93106    2517555.49194225]
 [ 173292.93106    2517555.49194225]
 [ 173279.37726169 2517451.1239745 ]
 [ 173272.40571911 2517409.03312397]
 [ 173265.06488844 2517378.4804368 ]
 [ 173251.91180579 2517331.08982334]
 [ 173231.67477634 2517265.11471656]
 [ 173216.91444161 2517224.29981986]
 [ 173198.79124963 2517175.35294681]
 [ 173173.01240627 2517109.94036123]
 [ 173141.2497467  2517043.65851521]
 [ 173124.13573482 2517012.98317306]
 [ 173101.83938333 2516975.65623591]
 [ 173078.30460139 2516938.13418727]
 [ 173047.82077774 2516893.11158054]
 [ 172812.34745715 2516565.01414119]
 [ 172682.3032062  2516385.98658219]
 [ 172628.05795291 2516307.4389715 ]
 [ 172587.91698684 2516239.12058618]
 [ 172560.14245351 2516181.51220531]
 [ 172533.75901245 2516126.42389365]
 [ 172494.27128968 2516035.91794157]]",188.66206021944245
3,186,186,4,2161.743915005648,0.0,150.0,24.743915005647978,300.46755935357606,0.08235136950851492,,0.9920675167655975,,1,440300024056023,440300024056024,"[[ 173326.22442675 2517818.17914583]
 [ 173582.92660675 2519863.73673862]
 [ 173596.06107503 2519963.01379611]]",,,,2137.0,,188.66206021944245
3,186,196,4,2161.743915005648,2426.536236017471,560.0,5148.280151023118,300.46755935357606,0.058362705707432044,0.030019473142920836,0.9920675167655975,0.006292128590901505,0,440300024056024,440300024057015,"[[ 173326.22442675 2517818.17914583]
 [ 173582.92660675 2519863.73673862]
 [ 173596.06107503 2519963.01379611]]","[[ 173596.06107503 2519963.01379611]
 [ 173582.92660675 2519863.73673862]
 [ 173319.53877152 2517764.90381791]
 [ 173305.68148854 2517660.7641032 ]
 [ 173292.93106    2517555.49194225]]","[[ 173326.22442675 2517818.17914583]
 [ 173582.92660675 2519863.73673862]
 [ 173596.06107503 2519963.01379611]
 [ 173596.06107503 2519963.01379611]
 [ 173608.92047175 2520063.8489086 ]
 [ 173629.24958147 2520263.52840922]
 [ 173636.43654274 2520344.41831013]
 [ 173645.15616996 2520391.34978379]
 [ 173656.06018961 2520439.45388444]
 [ 173671.69367589 2520492.33458331]
 [ 173700.53411487 2520576.0854472 ]
 [ 173743.29327414 2520666.41121271]
 [ 173797.35444089 2520756.38348539]
 [ 174017.13921316 2521056.32931752]
 [ 174035.46229641 2521086.09202737]
 [ 174051.74607656 2521121.44187872]
 [ 174065.96626116 2521166.03800896]
 [ 174078.06816484 2521217.33163747]
 [ 174088.0457076  2521265.45569882]
 [ 174096.33324011 2521316.27684057]
 [ 174098.84999246 2521380.85849442]
 [ 174095.49805067 2521459.42450649]
 [ 174085.72631499 2521521.49819724]
 [ 174052.73143914 2521660.7905954 ]
 [ 173967.14436431 2521998.55653921]
 [ 173926.7681584  2522133.90600943]
 [ 173926.7681584  2522133.90600943]
 [ 173967.14436431 2521998.55653921]
 [ 174052.73143914 2521660.7905954 ]
 [ 174085.72631499 2521521.49819724]
 [ 174095.49805067 2521459.42450649]
 [ 174098.84999246 2521380.85849442]
 [ 174096.33324011 2521316.27684057]
 [ 174088.0457076  2521265.45569882]
 [ 174078.06816484 2521217.33163747]
 [ 174065.96626116 2521166.03800896]
 [ 174051.74607656 2521121.44187872]
 [ 174035.46229641 2521086.09202737]
 [ 174017.13921316 2521056.32931752]
 [ 173797.35444089 2520756.38348539]
 [ 173743.29327414 2520666.41121271]
 [ 173700.53411487 2520576.0854472 ]
 [ 173671.69367589 2520492.33458331]
 [ 173656.06018961 2520439.45388444]
 [ 173645.15616996 2520391.34978379]
 [ 173636.43654274 2520344.41831013]
 [ 173629.24958147 2520263.52840922]
 [ 173608.92047175 2520063.8489086 ]
 [ 173596.06107503 2519963.01379611]
 [ 173596.06107503 2519963.01379611]
 [ 173582.92660675 2519863.73673862]
 [ 173319.53877152 2517764.90381791]
 [ 173305.68148854 2517660.7641032 ]
 [ 173292.93106    2517555.49194225]]","[187, 1273, 1275, 190]",2137.0,"[[ 173596.06107503 2519963.01379611]
 [ 173608.92047175 2520063.8489086 ]
 [ 173629.24958147 2520263.52840922]
 [ 173636.43654274 2520344.41831013]
 [ 173645.15616996 2520391.34978379]
 [ 173656.06018961 2520439.45388444]
 [ 173671.69367589 2520492.33458331]
 [ 173700.53411487 2520576.0854472 ]
 [ 173743.29327414 2520666.41121271]
 [ 173797.35444089 2520756.38348539]
 [ 174017.13921316 2521056.32931752]
 [ 174035.46229641 2521086.09202737]
 [ 174051.74607656 2521121.44187872]
 [ 174065.96626116 2521166.03800896]
 [ 174078.06816484 2521217.33163747]
 [ 174088.0457076  2521265.45569882]
 [ 174096.33324011 2521316.27684057]
 [ 174098.84999246 2521380.85849442]
 [ 174095.49805067 2521459.42450649]
 [ 174085.72631499 2521521.49819724]
 [ 174052.73143914 2521660.7905954 ]
 [ 173967.14436431 2521998.55653921]
 [ 173926.7681584  2522133.90600943]
 [ 173926.7681584  2522133.90600943]
 [ 173967.14436431 2521998.55653921]
 [ 174052.73143914 2521660.7905954 ]
 [ 174085.72631499 2521521.49819724]
 [ 174095.49805067 2521459.42450649]
 [ 174098.84999246 2521380.85849442]
 [ 174096.33324011 2521316.27684057]
 [ 174088.0457076  2521265.45569882]
 [ 174078.06816484 2521217.33163747]
 [ 174065.96626116 2521166.03800896]
 [ 174051.74607656 2521121.44187872]
 [ 174035.46229641 2521086.09202737]
 [ 174017.13921316 2521056.32931752]
 [ 173797.35444089 2520756.38348539]
 [ 173743.29327414 2520666.41121271]
 [ 173700.53411487 2520576.0854472 ]
 [ 173671.69367589 2520492.33458331]
 [ 173656.06018961 2520439.45388444]
 [ 173645.15616996 2520391.34978379]
 [ 173636.43654274 2520344.41831013]
 [ 173629.24958147 2520263.52840922]
 [ 173608.92047175 2520063.8489086 ]
 [ 173596.06107503 2519963.01379611]]",188.66206021944245
3,196,197,4,264.79232101182333,35.56180268369771,0.0,300.354123695521,300.46755935357606,0.9996224695328204,0.9994630189232621,0.9999399003615848,0.46602944828975484,0,440300024057016,440300024057016,"[[ 173326.22442675 2517818.17914583]
 [ 173319.53877152 2517764.90381791]
 [ 173305.68148854 2517660.7641032 ]
 [ 173292.93106    2517555.49194225]]","[[ 173292.93106    2517555.49194225]
 [ 173288.35126647 2517520.22627479]]","[[ 173326.22442675 2517818.17914583]
 [ 173319.53877152 2517764.90381791]
 [ 173305.68148854 2517660.7641032 ]
 [ 173292.93106    2517555.49194225]
 [ 173292.93106    2517555.49194225]
 [ 173288.35126647 2517520.22627479]]",,2137.0,,188.66206021944245
3,196,185,4,264.79232101182333,1702.2358020480235,258.0,2225.0281230598466,300.46755935357606,0.1350398928622865,0.07299211330383619,0.9999399003615848,0.03403475030935768,0,440300024057016,440300024056022,"[[ 173326.22442675 2517818.17914583]
 [ 173319.53877152 2517764.90381791]
 [ 173305.68148854 2517660.7641032 ]
 [ 173292.93106    2517555.49194225]]","[[ 172494.27128968 2516035.91794157]
 [ 172533.75901245 2516126.42389365]
 [ 172560.14245351 2516181.51220531]
 [ 172587.91698684 2516239.12058618]
 [ 172628.05795291 2516307.4389715 ]
 [ 172682.3032062  2516385.98658219]
 [ 172812.34745715 2516565.01414119]
 [ 173047.82077774 2516893.11158054]
 [ 173078.30460139 2516938.13418727]
 [ 173101.83938333 2516975.65623591]
 [ 173124.13573482 2517012.98317306]
 [ 173141.2497467  2517043.65851521]
 [ 173173.01240627 2517109.94036123]
 [ 173198.79124963 2517175.35294681]
 [ 173216.91444161 2517224.29981986]
 [ 173231.67477634 2517265.11471656]
 [ 173251.91180579 2517331.08982334]
 [ 173265.06488844 2517378.4804368 ]
 [ 173272.40571911 2517409.03312397]
 [ 173279.37726169 2517451.1239745 ]
 [ 173288.35126647 2517520.22627479]]","[[ 173326.22442675 2517818.17914583]
 [ 173319.53877152 2517764.90381791]
 [ 173305.68148854 2517660.7641032 ]
 [ 173292.93106    2517555.49194225]
 [ 173292.93106    2517555.49194225]
 [ 173279.37726169 2517451.1239745 ]
 [ 173272.40571911 2517409.03312397]
 [ 173265.06488844 2517378.4804368 ]
 [ 173251.91180579 2517331.08982334]
 [ 173231.67477634 2517265.11471656]
 [ 173216.91444161 2517224.29981986]
 [ 173198.79124963 2517175.35294681]
 [ 173173.01240627 2517109.94036123]
 [ 173141.2497467  2517043.65851521]
 [ 173124.13573482 2517012.98317306]
 [ 173101.83938333 2516975.65623591]
 [ 173078.30460139 2516938.13418727]
 [ 173047.82077774 2516893.11158054]
 [ 172812.34745715 2516565.01414119]
 [ 172682.3032062  2516385.98658219]
 [ 172628.05795291 2516307.4389715 ]
 [ 172587.91698684 2516239.12058618]
 [ 172560.14245351 2516181.51220531]
 [ 172533.75901245 2516126.42389365]
 [ 172494.27128968 2516035.91794157]
 [ 172494.27128968 2516035.91794157]
 [ 172533.75901245 2516126.42389365]
 [ 172560.14245351 2516181.51220531]
 [ 172587.91698684 2516239.12058618]
 [ 172628.05795291 2516307.4389715 ]
 [ 172682.3032062  2516385.98658219]
 [ 172812.34745715 2516565.01414119]
 [ 173047.82077774 2516893.11158054]
 [ 173078.30460139 2516938.13418727]
 [ 173101.83938333 2516975.65623591]
 [ 173124.13573482 2517012.98317306]
 [ 173141.2497467  2517043.65851521]
 [ 173173.01240627 2517109.94036123]
 [ 173198.79124963 2517175.35294681]
 [ 173216.91444161 2517224.29981986]
 [ 173231.67477634 2517265.11471656]
 [ 173251.91180579 2517331.08982334]
 [ 173265.06488844 2517378.4804368 ]
 [ 173272.40571911 2517409.03312397]
 [ 173279.37726169 2517451.1239745 ]
 [ 173288.35126647 2517520.22627479]]","[197, 1382]",2137.0,"[[ 173292.93106    2517555.49194225]
 [ 173279.37726169 2517451.1239745 ]
 [ 173272.40571911 2517409.03312397]
 [ 173265.06488844 2517378.4804368 ]
 [ 173251.91180579 2517331.08982334]
 [ 173231.67477634 2517265.11471656]
 [ 173216.91444161 2517224.29981986]
 [ 173198.79124963 2517175.35294681]
 [ 173173.01240627 2517109.94036123]
 [ 173141.2497467  2517043.65851521]
 [ 173124.13573482 2517012.98317306]
 [ 173101.83938333 2516975.65623591]
 [ 173078.30460139 2516938.13418727]
 [ 173047.82077774 2516893.11158054]
 [ 172812.34745715 2516565.01414119]
 [ 172682.3032062  2516385.98658219]
 [ 172628.05795291 2516307.4389715 ]
 [ 172587.91698684 2516239.12058618]
 [ 172560.14245351 2516181.51220531]
 [ 172533.75901245 2516126.42389365]
 [ 172494.27128968 2516035.91794157]]",188.66206021944245
3,196,186,4,264.79232101182333,0.0,120.0,384.79232101182333,300.46755935357606,0.7808564333183347,0.7807278838517968,0.9920675167655975,0.36117164991475065,0,440300024057016,440300024056023,"[[ 173326.22442675 2517818.17914583]
 [ 173319.53877152 2517764.90381791]
 [ 173305.68148854 2517660.7641032 ]
 [ 173292.93106    2517555.49194225]]",,"[[ 173326.22442675 2517818.17914583]
 [ 173319.53877152 2517764.90381791]
 [ 173305.68148854 2517660.7641032 ]
 [ 173292.93106    2517555.49194225]]",[1375],2137.0,[],188.66206021944245
3,196,196,4,264.79232101182333,2426.536236017471,156.0,554.3285570292942,300.46755935357606,0.5420387521866341,0.5419469751379944,0.9920675167655975,0.25070948178668323,1,440300024057015,440300024057016,"[[ 173326.22442675 2517818.17914583]
 [ 173319.53877152 2517764.90381791]
 [ 173305.68148854 2517660.7641032 ]
 [ 173292.93106    2517555.49194225]]","[[ 173596.06107503 2519963.01379611]
 [ 173582.92660675 2519863.73673862]
 [ 173319.53877152 2517764.90381791]
 [ 173305.68148854 2517660.7641032 ]
 [ 173292.93106    2517555.49194225]]","[[ 173596.06107503 2519963.01379611]
 [ 173582.92660675 2519863.73673862]
 [ 173319.53877152 2517764.90381791]
 [ 173305.68148854 2517660.7641032 ]
 [ 173292.93106    2517555.49194225]]",,2137.0,,188.66206021944245
